; Vels for Baltic example — Gilija
; depth_base/vel_base are real published means; per-flow scaling is synthetic
; CELL VELS IN M/S
10,Number of flows in table,,,,,,,,,,,,,,,,,,
,0.6,1.2,2.0,3.0,5.0,7.0,12.0,22.0,55.0,250.0
1,0.073997,0.116510,0.147841,0.172709,0.204040,0.224677,0.257736,0.294913,0.351112,0.443979
2,0.128376,0.202131,0.256487,0.299631,0.353986,0.389789,0.447143,0.511640,0.609139,0.770253
3,0.108023,0.170085,0.215823,0.252128,0.297866,0.327992,0.376253,0.430524,0.512567,0.648137
4,0.093967,0.147954,0.187740,0.219321,0.259107,0.285314,0.327295,0.374505,0.445871,0.563802
5,0.111290,0.175230,0.222351,0.259753,0.306874,0.337912,0.387632,0.443545,0.528069,0.667740
6,0.081874,0.128912,0.163579,0.191095,0.225761,0.248595,0.285172,0.326306,0.388489,0.491241
7,0.099139,0.156097,0.198073,0.231391,0.273367,0.301017,0.345308,0.395116,0.470410,0.594831
8,0.099757,0.157070,0.199308,0.232834,0.275072,0.302894,0.347461,0.397580,0.473344,0.598540
9,0.077678,0.122307,0.155197,0.181303,0.214193,0.235857,0.270560,0.309586,0.368582,0.466070
10,0.098723,0.155443,0.197243,0.230422,0.272222,0.299755,0.343860,0.393460,0.468439,0.592338
11,0.126575,0.199296,0.252889,0.295428,0.349021,0.384322,0.440871,0.504463,0.600596,0.759450
12,0.105890,0.166726,0.211561,0.247148,0.291983,0.321515,0.368822,0.422022,0.502444,0.635337
13,0.116843,0.183973,0.233445,0.272714,0.322186,0.354773,0.406974,0.465677,0.554418,0.701058
14,0.117325,0.184732,0.234409,0.273840,0.323516,0.356237,0.408654,0.467599,0.556706,0.703952
15,0.129370,0.203697,0.258473,0.301952,0.356728,0.392809,0.450606,0.515603,0.613858,0.776220
16,0.087383,0.137587,0.174586,0.203953,0.240952,0.265323,0.304362,0.348264,0.414630,0.524297
17,0.113861,0.179277,0.227487,0.265753,0.313963,0.345718,0.396586,0.453791,0.540267,0.683164
18,0.099392,0.156496,0.198579,0.231983,0.274066,0.301786,0.346190,0.396126,0.471613,0.596352
19,0.073143,0.115166,0.146135,0.170717,0.201686,0.222085,0.254763,0.291510,0.347061,0.438857
20,0.125859,0.198170,0.251460,0.293758,0.347049,0.382150,0.438379,0.501612,0.597201,0.755157
21,0.112247,0.176736,0.224263,0.261987,0.309513,0.340818,0.390966,0.447360,0.532610,0.673482
22,0.102956,0.162107,0.205700,0.240301,0.283893,0.312607,0.358604,0.410330,0.488523,0.617735
23,0.102694,0.161695,0.205177,0.239691,0.283172,0.311813,0.357693,0.409287,0.487283,0.616166
24,0.106719,0.168032,0.213218,0.249083,0.294269,0.324032,0.371710,0.425326,0.506378,0.640312
25,0.086086,0.135544,0.171994,0.200925,0.237375,0.261383,0.299843,0.343093,0.408474,0.516513
26,0.095610,0.150541,0.191024,0.223156,0.263639,0.290304,0.333019,0.381054,0.453669,0.573662
27,0.092274,0.145288,0.184358,0.215370,0.254439,0.280174,0.321398,0.367758,0.437839,0.553645
28,0.105371,0.165910,0.210525,0.245938,0.290554,0.319941,0.367016,0.419956,0.499984,0.632227
29,0.096877,0.152536,0.193555,0.226113,0.267132,0.294150,0.337431,0.386103,0.459680,0.581263
30,0.115786,0.182309,0.231334,0.270248,0.319273,0.351565,0.403294,0.461466,0.549404,0.694718
31,0.118938,0.187272,0.237631,0.277604,0.327963,0.361134,0.414271,0.474026,0.564358,0.713628
32,0.117450,0.184928,0.234657,0.274130,0.323859,0.356615,0.409087,0.468095,0.557296,0.704698
33,0.125537,0.197662,0.250816,0.293007,0.346160,0.381172,0.437257,0.500328,0.595672,0.753224
34,0.075767,0.119298,0.151379,0.176843,0.208923,0.230054,0.263904,0.301970,0.359515,0.454604
35,0.093536,0.147275,0.186879,0.218314,0.257918,0.284004,0.325792,0.372785,0.443824,0.561213
36,0.078662,0.123855,0.157162,0.183598,0.216904,0.238843,0.273986,0.313506,0.373249,0.471971
37,0.092275,0.145290,0.184360,0.215372,0.254442,0.280177,0.321402,0.367762,0.437843,0.553651
38,0.072320,0.113870,0.144491,0.168796,0.199417,0.219586,0.251896,0.288230,0.343156,0.433919
39,0.098178,0.154585,0.196154,0.229150,0.270720,0.298101,0.341963,0.391289,0.465854,0.589070
40,0.083833,0.131997,0.167493,0.195667,0.231162,0.254543,0.291996,0.334114,0.397784,0.502996
41,0.108293,0.170511,0.216363,0.252758,0.298610,0.328812,0.377193,0.431601,0.513848,0.649758
42,0.093183,0.146719,0.186174,0.217491,0.256945,0.282933,0.324563,0.371379,0.442151,0.559097
43,0.112880,0.177733,0.225528,0.263464,0.311259,0.342740,0.393171,0.449883,0.535614,0.677281
44,0.110543,0.174053,0.220858,0.258009,0.304813,0.335643,0.385029,0.440567,0.524523,0.663256
45,0.100871,0.158825,0.201534,0.235435,0.278145,0.306277,0.351342,0.402021,0.478631,0.605226
46,0.093358,0.146994,0.186523,0.217898,0.257427,0.283464,0.325172,0.372076,0.442980,0.560145
47,0.071621,0.112769,0.143094,0.167164,0.197489,0.217464,0.249461,0.285444,0.339839,0.429724
48,0.105052,0.165407,0.209887,0.245193,0.289673,0.318971,0.365904,0.418683,0.498469,0.630311
49,0.082303,0.129589,0.164437,0.192097,0.226945,0.249899,0.286669,0.328018,0.390527,0.493819
50,0.112982,0.177894,0.225731,0.263702,0.311540,0.343050,0.393525,0.450289,0.536097,0.677892
51,0.089025,0.140173,0.177867,0.207787,0.245481,0.270309,0.310082,0.354810,0.422423,0.534152
52,0.089653,0.141162,0.179122,0.209253,0.247213,0.272216,0.312270,0.357312,0.425403,0.537920
53,0.071223,0.112142,0.142299,0.166235,0.196391,0.216255,0.248074,0.283857,0.337950,0.427336
54,0.097051,0.152809,0.193901,0.226518,0.267610,0.294677,0.338035,0.386794,0.460503,0.582303
55,0.083794,0.131936,0.167415,0.195576,0.231055,0.254425,0.291861,0.333959,0.397600,0.502763
56,0.114153,0.179737,0.228070,0.266434,0.314768,0.346604,0.397603,0.454954,0.541652,0.684915
57,0.070659,0.111255,0.141172,0.164919,0.194837,0.214543,0.246111,0.281610,0.335275,0.423953
58,0.108936,0.171523,0.217647,0.254258,0.300383,0.330764,0.379432,0.434163,0.516898,0.653615
59,0.073555,0.115815,0.146959,0.171680,0.202824,0.223338,0.256200,0.293154,0.349019,0.441332
60,0.084094,0.132409,0.168015,0.196277,0.231883,0.255336,0.292906,0.335156,0.399024,0.504564
61,0.074833,0.117828,0.149513,0.174663,0.206348,0.227218,0.260651,0.298248,0.355083,0.449001
62,0.083781,0.131916,0.167389,0.195546,0.231020,0.254386,0.291816,0.333908,0.397539,0.502686
63,0.098622,0.155283,0.197040,0.230185,0.271942,0.299447,0.343507,0.393056,0.467958,0.591730
64,0.114519,0.180314,0.228803,0.267290,0.315779,0.347717,0.398880,0.456415,0.543392,0.687115
65,0.110483,0.173959,0.220739,0.257870,0.304649,0.335462,0.384821,0.440329,0.524240,0.662898
66,0.120848,0.190279,0.241447,0.282062,0.333230,0.366934,0.420924,0.481639,0.573422,0.725089
67,0.115254,0.181471,0.230270,0.269005,0.317804,0.349948,0.401439,0.459343,0.546877,0.691523
68,0.091778,0.144507,0.183367,0.214211,0.253071,0.278667,0.319670,0.365780,0.435484,0.550667
69,0.116331,0.183167,0.232422,0.271519,0.320774,0.353218,0.405190,0.463636,0.551988,0.697985
70,0.088131,0.138764,0.176080,0.205699,0.243014,0.267593,0.306966,0.351244,0.418178,0.528784
71,0.129212,0.203448,0.258157,0.301583,0.356292,0.392329,0.450055,0.514972,0.613107,0.775271
72,0.088103,0.138720,0.176024,0.205633,0.242937,0.267508,0.306869,0.351132,0.418045,0.528616
73,0.122875,0.193470,0.245497,0.286792,0.338819,0.373088,0.427983,0.489717,0.583039,0.737249
74,0.084237,0.132634,0.168300,0.196610,0.232277,0.255770,0.293404,0.335725,0.399702,0.505421
75,0.082199,0.129425,0.164229,0.191854,0.226658,0.249582,0.286306,0.327603,0.390032,0.493194
76,0.087113,0.137162,0.174046,0.203323,0.240208,0.264503,0.303421,0.347188,0.413349,0.522677
77,0.106442,0.167596,0.212665,0.248437,0.293506,0.323192,0.370746,0.424223,0.505065,0.638651
78,0.117329,0.184739,0.234417,0.273849,0.323527,0.356249,0.408667,0.467615,0.556725,0.703976
79,0.085339,0.134370,0.170503,0.199184,0.235317,0.259118,0.297244,0.340120,0.404934,0.512036
80,0.092961,0.146370,0.185731,0.216973,0.256333,0.282260,0.323791,0.370495,0.441098,0.557766
81,0.083156,0.130932,0.166141,0.194088,0.229297,0.252489,0.289640,0.331418,0.394574,0.498937
82,0.119189,0.187666,0.238132,0.278188,0.328654,0.361895,0.415144,0.475025,0.565547,0.715131
83,0.124762,0.196442,0.249268,0.291198,0.344023,0.378818,0.434557,0.497239,0.591994,0.748573
84,0.109667,0.172674,0.219108,0.255965,0.302399,0.332984,0.381979,0.437076,0.520367,0.658001
85,0.120167,0.189207,0.240086,0.280472,0.331352,0.364865,0.418551,0.478924,0.570190,0.721001
86,0.081664,0.128583,0.163161,0.190606,0.225184,0.247959,0.284444,0.325473,0.387496,0.489986
87,0.080308,0.126447,0.160450,0.187440,0.221443,0.243840,0.279719,0.320066,0.381059,0.481847
88,0.088300,0.139032,0.176419,0.206095,0.243482,0.268109,0.307558,0.351921,0.418984,0.529803
89,0.070504,0.111010,0.140862,0.164557,0.194409,0.214072,0.245570,0.280991,0.334538,0.423022
90,0.080337,0.126493,0.160509,0.187508,0.221524,0.243929,0.279821,0.320183,0.381198,0.482022
91,0.075195,0.118397,0.150236,0.175507,0.207346,0.228317,0.261912,0.299690,0.356800,0.451172
92,0.096730,0.152305,0.193261,0.225770,0.266727,0.293704,0.336920,0.385518,0.458983,0.580382
93,0.071286,0.112242,0.142425,0.166383,0.196566,0.216447,0.248294,0.284109,0.338250,0.427715
94,0.119778,0.188595,0.239310,0.279565,0.330280,0.363686,0.417198,0.477376,0.568346,0.718670
95,0.104961,0.165264,0.209705,0.244981,0.289422,0.318695,0.365587,0.418320,0.498037,0.629765
96,0.098470,0.155044,0.196737,0.229831,0.271524,0.298987,0.342979,0.392451,0.467238,0.590820
97,0.104645,0.164767,0.209075,0.244244,0.288551,0.317736,0.364487,0.417062,0.496539,0.627871
98,0.121739,0.191681,0.243226,0.284140,0.335685,0.369637,0.424025,0.485188,0.577647,0.730431
99,0.097350,0.153281,0.194500,0.227217,0.268436,0.295586,0.339078,0.387988,0.461924,0.584100
100,0.104716,0.164879,0.209217,0.244410,0.288748,0.317952,0.364735,0.417346,0.496877,0.628298
101,0.071248,0.112182,0.142348,0.166293,0.196460,0.216331,0.248161,0.283957,0.338068,0.427486
102,0.076504,0.120457,0.152850,0.178561,0.210954,0.232290,0.266469,0.304905,0.363009,0.459022
103,0.122517,0.192907,0.244782,0.285957,0.337832,0.372001,0.426737,0.488291,0.581341,0.735103
104,0.101894,0.160436,0.203579,0.237824,0.280967,0.309384,0.354907,0.406099,0.483487,0.611367
105,0.107563,0.169361,0.214904,0.251054,0.296597,0.326595,0.374650,0.428691,0.510384,0.645377
106,0.106859,0.168253,0.213498,0.249411,0.294656,0.324458,0.372198,0.425885,0.507043,0.641154
107,0.112439,0.177039,0.224647,0.262435,0.310043,0.341401,0.391635,0.448125,0.533521,0.674635
108,0.128314,0.202034,0.256363,0.299487,0.353816,0.389602,0.446927,0.511393,0.608846,0.769882
109,0.117369,0.184802,0.234497,0.273942,0.323638,0.356371,0.408807,0.467774,0.556915,0.704216
110,0.073781,0.116170,0.147410,0.172206,0.203446,0.224023,0.256985,0.294053,0.350089,0.442686
111,0.091009,0.143296,0.181831,0.212417,0.250951,0.276333,0.316992,0.362716,0.431836,0.546054
112,0.070302,0.110693,0.140460,0.164087,0.193853,0.213460,0.244868,0.280189,0.333583,0.421813
113,0.110390,0.173812,0.220552,0.257651,0.304391,0.335178,0.384496,0.439957,0.523796,0.662338
114,0.118889,0.187194,0.237533,0.277489,0.327828,0.360985,0.414100,0.473831,0.564126,0.713334
115,0.119385,0.187975,0.238523,0.278646,0.329195,0.362490,0.415826,0.475806,0.566478,0.716308
116,0.128016,0.201565,0.255768,0.298791,0.352994,0.388697,0.445889,0.510205,0.607431,0.768094
117,0.081513,0.128344,0.162857,0.190252,0.224765,0.247499,0.283915,0.324868,0.386776,0.489076
118,0.074456,0.117233,0.148758,0.173781,0.205306,0.226071,0.259335,0.296742,0.353290,0.446734
119,0.081542,0.128390,0.162915,0.190320,0.224845,0.247587,0.284016,0.324984,0.386913,0.489250
120,0.098673,0.155364,0.197143,0.230305,0.272084,0.299603,0.343687,0.393261,0.468202,0.592039
121,0.097227,0.153087,0.194254,0.226930,0.268097,0.295213,0.338650,0.387498,0.461341,0.583362
122,0.112712,0.177469,0.225192,0.263072,0.310795,0.342230,0.392585,0.449213,0.534816,0.676272
123,0.099050,0.155958,0.197897,0.231185,0.273124,0.300749,0.345000,0.394764,0.469992,0.594302
124,0.094804,0.149272,0.189413,0.221275,0.261416,0.287856,0.330211,0.377841,0.449844,0.568825
125,0.109127,0.171825,0.218030,0.254706,0.300911,0.331346,0.380100,0.434927,0.517808,0.654765
126,0.078645,0.123829,0.157128,0.183559,0.216858,0.238792,0.273927,0.313439,0.373169,0.471870
127,0.124627,0.196229,0.248997,0.290882,0.343650,0.378407,0.434086,0.496700,0.591352,0.747762
128,0.071142,0.112016,0.142138,0.166048,0.196170,0.216011,0.247795,0.283537,0.337569,0.426854
129,0.072253,0.113764,0.144356,0.168639,0.199231,0.219382,0.251662,0.287962,0.342837,0.433515
130,0.075157,0.118337,0.150159,0.175418,0.207240,0.228201,0.261778,0.299538,0.356619,0.450942
131,0.123462,0.194395,0.246670,0.288164,0.340439,0.374871,0.430029,0.492058,0.585826,0.740774
132,0.111013,0.174794,0.221798,0.259107,0.306111,0.337072,0.386668,0.442442,0.526755,0.666079
133,0.109257,0.172028,0.218289,0.255008,0.301268,0.331739,0.380551,0.435443,0.518422,0.655542
134,0.122143,0.192317,0.244034,0.285083,0.336800,0.370864,0.425433,0.486798,0.579564,0.732856
135,0.087038,0.137044,0.173897,0.203148,0.240001,0.264275,0.303161,0.346889,0.412994,0.522228
136,0.123344,0.194209,0.246434,0.287887,0.340112,0.374512,0.429617,0.491586,0.585265,0.740064
137,0.103643,0.163190,0.207074,0.241906,0.285790,0.314695,0.360999,0.413070,0.491786,0.621861
138,0.120501,0.189733,0.240754,0.281252,0.332273,0.365880,0.419715,0.480256,0.571775,0.723006
139,0.108701,0.171153,0.217178,0.253710,0.299736,0.330051,0.378615,0.433227,0.515784,0.652206
140,0.117955,0.185723,0.235666,0.275309,0.325252,0.358148,0.410846,0.470107,0.559693,0.707728
141,0.072975,0.114902,0.145801,0.170326,0.201225,0.221577,0.254179,0.290843,0.346267,0.437852
142,0.071702,0.112898,0.143257,0.167355,0.197714,0.217711,0.249745,0.285769,0.340226,0.430214
143,0.108948,0.171541,0.217671,0.254286,0.300415,0.330800,0.379474,0.434210,0.516954,0.653686
144,0.084472,0.133004,0.168771,0.197160,0.232926,0.256485,0.294224,0.336664,0.400819,0.506834
145,0.087840,0.138306,0.175499,0.205020,0.242212,0.266710,0.305953,0.350085,0.416798,0.527039
146,0.111020,0.174805,0.221812,0.259123,0.306130,0.337093,0.386692,0.442470,0.526789,0.666121
147,0.076105,0.119829,0.152053,0.177630,0.209853,0.231078,0.265079,0.303314,0.361115,0.456628
148,0.077774,0.122457,0.155387,0.181525,0.214455,0.236146,0.270892,0.309966,0.369034,0.466641
149,0.120103,0.189105,0.239958,0.280322,0.331175,0.364670,0.418327,0.478668,0.569885,0.720616
150,0.111718,0.175904,0.223207,0.260753,0.308055,0.339213,0.389124,0.445252,0.530101,0.670310
151,0.093769,0.147643,0.187346,0.218860,0.258563,0.284714,0.326607,0.373717,0.444934,0.562617
152,0.086731,0.136561,0.173284,0.202433,0.239156,0.263345,0.302093,0.345667,0.411539,0.520389
153,0.109363,0.172196,0.218502,0.255256,0.301562,0.332063,0.380922,0.435867,0.518927,0.656180
154,0.074151,0.116753,0.148150,0.173071,0.204467,0.225147,0.258275,0.295529,0.351846,0.444908
155,0.104902,0.165171,0.209588,0.244843,0.289259,0.318516,0.365381,0.418085,0.497757,0.629411
156,0.117393,0.184840,0.234545,0.273999,0.323704,0.356444,0.408891,0.467870,0.557029,0.704361
157,0.117626,0.185205,0.235009,0.274541,0.324344,0.357149,0.409700,0.468796,0.558131,0.705754
158,0.098374,0.154892,0.196545,0.229606,0.271258,0.298694,0.342643,0.392067,0.466781,0.590242
159,0.114190,0.179795,0.228144,0.266521,0.314870,0.346716,0.397732,0.455102,0.541827,0.685137
160,0.112707,0.177460,0.225181,0.263059,0.310781,0.342214,0.392566,0.449191,0.534791,0.676240
161,0.103829,0.163481,0.207443,0.242338,0.286300,0.315257,0.361643,0.413808,0.492664,0.622971
162,0.108434,0.170733,0.216645,0.253088,0.299000,0.329241,0.377685,0.432164,0.514518,0.650605
163,0.103472,0.162920,0.206731,0.241506,0.285317,0.314175,0.360402,0.412387,0.490973,0.620832
164,0.077725,0.122380,0.155289,0.181411,0.214320,0.235997,0.270721,0.309770,0.368801,0.466347
165,0.082468,0.129849,0.164767,0.192483,0.227401,0.250401,0.287244,0.328677,0.391311,0.494811
166,0.084908,0.133690,0.169640,0.198176,0.234127,0.257807,0.295740,0.338399,0.402885,0.509446
167,0.123130,0.193871,0.246006,0.287387,0.339521,0.373861,0.428870,0.490732,0.584247,0.738777
168,0.071513,0.112599,0.142878,0.166912,0.197191,0.217136,0.249085,0.285013,0.339327,0.429077
169,0.117693,0.185312,0.235144,0.274698,0.324531,0.357354,0.409935,0.469065,0.558452,0.706159
170,0.072687,0.114449,0.145225,0.169654,0.200430,0.220702,0.253176,0.289695,0.344900,0.436124
171,0.091171,0.143552,0.182154,0.212795,0.251398,0.276825,0.317556,0.363362,0.432605,0.547027
172,0.088431,0.139238,0.176680,0.206400,0.243843,0.268506,0.308013,0.352442,0.419605,0.530588
173,0.094045,0.148077,0.187896,0.219503,0.259322,0.285551,0.327566,0.374816,0.446242,0.564270
174,0.080704,0.127071,0.161242,0.188365,0.222536,0.245043,0.281099,0.321645,0.382939,0.484224
175,0.109314,0.172118,0.218403,0.255141,0.301426,0.331913,0.380750,0.435670,0.518693,0.655885
176,0.114010,0.179512,0.227784,0.266101,0.314373,0.346170,0.397105,0.454384,0.540973,0.684058
177,0.121072,0.190631,0.241894,0.282584,0.333847,0.367613,0.421703,0.482530,0.574483,0.726431
178,0.098641,0.155313,0.197078,0.230230,0.271995,0.299505,0.343574,0.393132,0.468049,0.591845
179,0.110521,0.174019,0.220814,0.257958,0.304753,0.335577,0.384953,0.440480,0.524419,0.663125
180,0.121436,0.191205,0.242622,0.283434,0.334851,0.368719,0.422971,0.483982,0.576211,0.728616
181,0.079693,0.125479,0.159221,0.186004,0.219747,0.241973,0.277576,0.317615,0.378140,0.478156
182,0.118332,0.186317,0.236419,0.276188,0.326291,0.359293,0.412159,0.471609,0.561481,0.709989
183,0.104406,0.164391,0.208597,0.243686,0.287892,0.317010,0.363655,0.416109,0.495405,0.626436
184,0.113039,0.177984,0.225846,0.263836,0.311698,0.343224,0.393726,0.450518,0.536370,0.678236
185,0.117808,0.185492,0.235373,0.274966,0.324847,0.357702,0.410334,0.469522,0.558996,0.706847
186,0.121169,0.190785,0.242089,0.282812,0.334116,0.367909,0.422043,0.482919,0.574946,0.727016
187,0.074379,0.117112,0.148604,0.173601,0.205094,0.225838,0.259067,0.296436,0.352926,0.446272
188,0.120098,0.189098,0.239949,0.280311,0.331162,0.364657,0.418312,0.478650,0.569863,0.720589
189,0.100619,0.158428,0.201031,0.234847,0.277450,0.305512,0.350465,0.401017,0.477436,0.603715
190,0.075100,0.118247,0.150045,0.175284,0.207082,0.228027,0.261578,0.299309,0.356346,0.450598
191,0.092833,0.146168,0.185475,0.216674,0.255980,0.281871,0.323345,0.369985,0.440491,0.556998
192,0.117874,0.185597,0.235506,0.275121,0.325030,0.357904,0.410566,0.469787,0.559311,0.707245
193,0.077410,0.121884,0.154660,0.180676,0.213452,0.235041,0.269624,0.308516,0.367308,0.464458
194,0.071719,0.112924,0.143291,0.167394,0.197761,0.217763,0.249804,0.285836,0.340306,0.430315
195,0.071626,0.112777,0.143104,0.167176,0.197503,0.217478,0.249478,0.285463,0.339862,0.429754
196,0.129586,0.204037,0.258905,0.302456,0.357324,0.393465,0.451359,0.516464,0.614883,0.777516
197,0.127325,0.200477,0.254387,0.297179,0.351089,0.386599,0.443483,0.507452,0.604154,0.763949
198,0.119114,0.187549,0.237983,0.278015,0.328449,0.361670,0.414885,0.474729,0.565195,0.714686
199,0.114786,0.180734,0.229336,0.267913,0.316515,0.348528,0.399810,0.457479,0.544658,0.688717
200,0.071064,0.111892,0.141981,0.165864,0.195953,0.215772,0.247521,0.283224,0.337196,0.426382
201,0.072651,0.114391,0.145152,0.169568,0.200329,0.220591,0.253048,0.289549,0.344726,0.435904
202,0.123849,0.195004,0.247443,0.289066,0.341505,0.376046,0.431376,0.493599,0.587661,0.743094
203,0.097959,0.154239,0.195716,0.228638,0.270114,0.297434,0.341198,0.390414,0.464812,0.587752
204,0.096134,0.151365,0.192069,0.224378,0.265081,0.291892,0.334841,0.383139,0.456152,0.576801
205,0.091139,0.143501,0.182091,0.212721,0.251310,0.276728,0.317445,0.363234,0.432453,0.546835
206,0.110145,0.173427,0.220063,0.257081,0.303717,0.334436,0.383645,0.438983,0.522637,0.660871
207,0.125557,0.197693,0.250855,0.293052,0.346214,0.381231,0.437325,0.500406,0.595765,0.753341
208,0.097013,0.152749,0.193825,0.226429,0.267505,0.294561,0.337903,0.386643,0.460323,0.582075
209,0.123656,0.194700,0.247057,0.288615,0.340972,0.375459,0.430703,0.492829,0.586745,0.741935
210,0.095279,0.150020,0.190362,0.222383,0.262725,0.289298,0.331865,0.379734,0.452097,0.571674
211,0.121523,0.191343,0.242797,0.283638,0.335092,0.368984,0.423276,0.484331,0.576627,0.729141
212,0.071255,0.112193,0.142364,0.166311,0.196481,0.216354,0.248188,0.283987,0.338104,0.427531
213,0.118612,0.186759,0.236980,0.276844,0.327065,0.360145,0.413137,0.472729,0.562813,0.711674
214,0.083683,0.131761,0.167193,0.195317,0.230749,0.254087,0.291473,0.333516,0.397072,0.502095
215,0.094791,0.149251,0.189387,0.221244,0.261380,0.287816,0.330165,0.377789,0.449782,0.568746
216,0.104089,0.163891,0.207963,0.242945,0.287017,0.316047,0.362550,0.414845,0.493899,0.624533
217,0.079841,0.125713,0.159518,0.186351,0.220157,0.242424,0.278094,0.318207,0.378845,0.479048
218,0.083420,0.131348,0.166669,0.194705,0.230026,0.253291,0.290560,0.332471,0.395828,0.500522
219,0.125837,0.198134,0.251414,0.293705,0.346986,0.382081,0.438300,0.501521,0.597093,0.755021
220,0.079474,0.125134,0.158784,0.185494,0.219144,0.241308,0.276814,0.316742,0.377102,0.476843
221,0.081184,0.127826,0.162200,0.189484,0.223858,0.246500,0.282769,0.323557,0.385215,0.487102
222,0.110803,0.174463,0.221378,0.258616,0.305531,0.336434,0.385936,0.441604,0.525758,0.664818
223,0.080739,0.127126,0.161312,0.188446,0.222632,0.245150,0.281221,0.321785,0.383105,0.484434
224,0.110468,0.173936,0.220709,0.257836,0.304609,0.335418,0.384771,0.440271,0.524171,0.662811
225,0.120594,0.189879,0.240940,0.281469,0.332530,0.366163,0.420039,0.480627,0.572217,0.723565
226,0.076385,0.120271,0.152614,0.178285,0.210628,0.231931,0.266057,0.304434,0.362448,0.458313
227,0.122543,0.192947,0.244833,0.286017,0.337903,0.372079,0.426826,0.488393,0.581462,0.735256
228,0.128517,0.202354,0.256769,0.299961,0.354376,0.390218,0.447634,0.512203,0.609810,0.771101
229,0.125512,0.197623,0.250766,0.292948,0.346091,0.381096,0.437170,0.500228,0.595554,0.753074
230,0.100861,0.158809,0.201515,0.235412,0.278117,0.306247,0.351308,0.401981,0.478584,0.605167
231,0.121414,0.191170,0.242578,0.283382,0.334790,0.368652,0.422894,0.483894,0.576106,0.728483
232,0.074377,0.117109,0.148601,0.173597,0.205089,0.225832,0.259061,0.296429,0.352917,0.446262
233,0.091421,0.143945,0.182653,0.213378,0.252087,0.277583,0.318426,0.364357,0.433790,0.548525
234,0.117539,0.185070,0.234837,0.274339,0.324107,0.356888,0.409400,0.468453,0.557722,0.705237
235,0.100757,0.158644,0.201306,0.235168,0.277829,0.305929,0.350943,0.401565,0.478088,0.604540
236,0.088744,0.139730,0.177305,0.207130,0.244705,0.269455,0.309102,0.353688,0.421088,0.532463
237,0.091133,0.143493,0.182079,0.212707,0.251294,0.276711,0.317425,0.363212,0.432427,0.546801
238,0.091220,0.143628,0.182251,0.212908,0.251532,0.276972,0.317725,0.363555,0.432835,0.547318
239,0.078737,0.123973,0.157311,0.183773,0.217111,0.239070,0.274246,0.313805,0.373604,0.472420
240,0.092529,0.145689,0.184867,0.215964,0.255141,0.280947,0.322285,0.368772,0.439047,0.555172
241,0.080565,0.126852,0.160964,0.188040,0.222152,0.244620,0.280614,0.321090,0.382278,0.483388
242,0.079945,0.125876,0.159725,0.186593,0.220442,0.242738,0.278454,0.318620,0.379337,0.479669
243,0.088668,0.139611,0.177154,0.206953,0.244496,0.269225,0.308838,0.353386,0.420728,0.532008
244,0.110877,0.174579,0.221525,0.258788,0.305735,0.336657,0.386192,0.441898,0.526107,0.665260
245,0.072090,0.113508,0.144031,0.168259,0.198782,0.218888,0.251094,0.287313,0.342064,0.432538
246,0.083971,0.132214,0.167768,0.195989,0.231543,0.254962,0.292477,0.334664,0.398439,0.503824
247,0.073447,0.115644,0.146742,0.171426,0.202524,0.223008,0.255821,0.292721,0.348503,0.440681
248,0.123721,0.194803,0.247188,0.288768,0.341153,0.375658,0.430931,0.493090,0.587055,0.742328
249,0.120618,0.189916,0.240987,0.281524,0.332595,0.366234,0.420121,0.480721,0.572328,0.723706
250,0.112958,0.177856,0.225683,0.263646,0.311474,0.342977,0.393442,0.450193,0.535983,0.677748
251,0.070227,0.110574,0.140309,0.163910,0.193645,0.213230,0.244605,0.279887,0.333224,0.421359
252,0.101286,0.159479,0.202364,0.236405,0.279290,0.307538,0.352789,0.403676,0.480602,0.607719
253,0.107978,0.170014,0.215733,0.252022,0.297740,0.327855,0.376095,0.430344,0.512351,0.647865
254,0.097495,0.153509,0.194789,0.227555,0.268835,0.296026,0.339582,0.388565,0.462611,0.584969
255,0.111803,0.176037,0.223375,0.260950,0.308288,0.339469,0.389418,0.445589,0.530501,0.670816
256,0.126883,0.199781,0.253504,0.296147,0.349870,0.385257,0.441943,0.505690,0.602056,0.761296
257,0.094955,0.149510,0.189715,0.221627,0.261832,0.288314,0.330736,0.378443,0.450560,0.569730
258,0.080661,0.127004,0.161156,0.188265,0.222418,0.244913,0.280950,0.321475,0.382736,0.483967
259,0.129818,0.204403,0.259369,0.302998,0.357964,0.394169,0.452167,0.517389,0.615984,0.778908
260,0.095234,0.149948,0.190271,0.222277,0.262600,0.289160,0.331706,0.379552,0.451881,0.571401
261,0.078146,0.123043,0.156131,0.182394,0.215482,0.237276,0.272189,0.311450,0.370801,0.468876
262,0.080415,0.126616,0.160665,0.187691,0.221739,0.244167,0.280093,0.320494,0.381569,0.482492
263,0.070174,0.110490,0.140203,0.163786,0.193499,0.213069,0.244420,0.279676,0.332972,0.421041
264,0.121074,0.190635,0.241899,0.282589,0.333853,0.367620,0.421710,0.482539,0.574494,0.726444
265,0.072721,0.114502,0.145293,0.169733,0.200523,0.220805,0.253294,0.289829,0.345060,0.436327
266,0.086866,0.136774,0.173554,0.202748,0.239528,0.263755,0.302563,0.346206,0.412180,0.521199
267,0.114259,0.179904,0.228283,0.266683,0.315061,0.346927,0.397973,0.455378,0.542156,0.685553
268,0.126232,0.198757,0.252205,0.294629,0.348077,0.383282,0.439678,0.503098,0.598970,0.757394
269,0.089269,0.140557,0.178355,0.208356,0.246154,0.271050,0.310932,0.355782,0.423581,0.535615
270,0.100597,0.158393,0.200987,0.234796,0.277389,0.305445,0.350388,0.400929,0.477331,0.603582
271,0.129323,0.203623,0.258379,0.301842,0.356598,0.392665,0.450442,0.515415,0.613634,0.775936
272,0.128143,0.201766,0.256023,0.299089,0.353346,0.389084,0.446334,0.510714,0.608037,0.768860
273,0.103705,0.163286,0.207196,0.242049,0.285958,0.314881,0.361212,0.413314,0.492076,0.622228
274,0.102987,0.162157,0.205762,0.240374,0.283980,0.312702,0.358713,0.410455,0.488672,0.617923
275,0.108721,0.171185,0.217218,0.253757,0.299790,0.330112,0.378684,0.433306,0.515879,0.652326
276,0.082656,0.130145,0.165142,0.192921,0.227918,0.250971,0.287898,0.329425,0.392202,0.495937
277,0.075580,0.119003,0.151004,0.176405,0.208407,0.229485,0.263251,0.301224,0.358626,0.453480
278,0.092584,0.145776,0.184977,0.216093,0.255294,0.281114,0.322477,0.368992,0.439309,0.555503
279,0.106918,0.168346,0.213616,0.249549,0.294819,0.324638,0.372404,0.426121,0.507324,0.641508
280,0.116184,0.182935,0.232128,0.271175,0.320368,0.352771,0.404677,0.463049,0.551289,0.697102
281,0.080127,0.126162,0.160088,0.187017,0.220943,0.243290,0.279088,0.319344,0.380199,0.480760
282,0.089683,0.141209,0.179182,0.209322,0.247295,0.272307,0.312374,0.357432,0.425545,0.538099
283,0.073019,0.114970,0.145887,0.170427,0.201344,0.221709,0.254330,0.291016,0.346473,0.438113
284,0.078241,0.123192,0.156320,0.182615,0.215743,0.237564,0.272519,0.311828,0.371251,0.469444
285,0.093490,0.147204,0.186788,0.218209,0.257793,0.283867,0.325635,0.372606,0.443611,0.560943
286,0.127257,0.200371,0.254253,0.297021,0.350903,0.386394,0.443248,0.507183,0.603834,0.763544
287,0.078498,0.123598,0.156835,0.183217,0.216454,0.238347,0.273416,0.312855,0.372474,0.470991
288,0.070338,0.110749,0.140531,0.164170,0.193951,0.213568,0.244992,0.280330,0.333751,0.422026
289,0.087560,0.137866,0.174940,0.204367,0.241441,0.265860,0.304979,0.348970,0.415471,0.525360
290,0.106472,0.167644,0.212725,0.248508,0.293589,0.323284,0.370851,0.424344,0.505208,0.638833
291,0.091768,0.144492,0.183348,0.214189,0.253045,0.278638,0.319636,0.365742,0.435439,0.550610
292,0.074395,0.117137,0.148637,0.173639,0.205139,0.225887,0.259123,0.296500,0.353002,0.446369
293,0.119066,0.187472,0.237886,0.277901,0.328315,0.361521,0.414715,0.474535,0.564964,0.714394
294,0.074490,0.117286,0.148826,0.173860,0.205400,0.226174,0.259453,0.296878,0.353452,0.446937
295,0.072270,0.113791,0.144391,0.168679,0.199279,0.219434,0.251721,0.288030,0.342918,0.433618
296,0.103408,0.162818,0.206602,0.241355,0.285139,0.313979,0.360177,0.412130,0.490667,0.620445
297,0.117919,0.185667,0.235595,0.275225,0.325153,0.358040,0.410721,0.469964,0.559522,0.707513
298,0.108340,0.170585,0.216457,0.252868,0.298740,0.328956,0.377358,0.431789,0.514072,0.650041
299,0.094630,0.148999,0.189066,0.220869,0.260937,0.287329,0.329606,0.377149,0.449020,0.567783
300,0.098144,0.154530,0.196085,0.229069,0.270624,0.297996,0.341842,0.391150,0.465689,0.588862
301,0.094063,0.148105,0.187932,0.219545,0.259372,0.285605,0.327629,0.374887,0.446327,0.564377
302,0.094619,0.148980,0.189042,0.220842,0.260904,0.287293,0.329564,0.377102,0.448964,0.567712
303,0.089600,0.141078,0.179015,0.209128,0.247065,0.272054,0.312084,0.357100,0.425150,0.537599
304,0.085510,0.134637,0.170843,0.199581,0.235787,0.259635,0.297837,0.340798,0.405741,0.513057
305,0.082593,0.130045,0.165015,0.192773,0.227743,0.250778,0.287677,0.329172,0.391900,0.495556
306,0.119947,0.188861,0.239648,0.279960,0.330746,0.364199,0.417786,0.478049,0.569148,0.719684
307,0.105293,0.165788,0.210370,0.245757,0.290339,0.319705,0.366746,0.419646,0.499615,0.631761
308,0.112446,0.177050,0.224660,0.262451,0.310062,0.341422,0.391658,0.448152,0.533553,0.674675
309,0.089533,0.140973,0.178883,0.208973,0.246882,0.271852,0.311852,0.356835,0.424835,0.537201
310,0.090380,0.142306,0.180574,0.210948,0.249216,0.274422,0.314801,0.360208,0.428851,0.542279
311,0.077021,0.121271,0.153882,0.179767,0.212379,0.233859,0.268269,0.306965,0.365461,0.462123
312,0.115931,0.182537,0.231623,0.270585,0.319672,0.352004,0.403797,0.462042,0.550090,0.695586
313,0.107381,0.169075,0.214541,0.250629,0.296095,0.326043,0.374016,0.427966,0.509520,0.644285
314,0.117319,0.184723,0.234397,0.273826,0.323500,0.356219,0.408633,0.467575,0.556678,0.703916
315,0.077942,0.122722,0.155723,0.181918,0.214919,0.236656,0.271478,0.310636,0.369832,0.467651
316,0.071950,0.113287,0.143751,0.167932,0.198396,0.218462,0.250606,0.286755,0.341399,0.431698
317,0.118173,0.186067,0.236103,0.275819,0.325854,0.358812,0.411607,0.470978,0.560729,0.709039
318,0.091528,0.144113,0.182867,0.213628,0.252381,0.277908,0.318799,0.364783,0.434297,0.549166
319,0.070813,0.111497,0.141480,0.165279,0.195262,0.215011,0.246647,0.282224,0.336006,0.424877
320,0.076754,0.120851,0.153350,0.179145,0.211643,0.233049,0.267340,0.305902,0.364195,0.460523
321,0.103382,0.162778,0.206551,0.241296,0.285069,0.313902,0.360089,0.412029,0.490546,0.620293
322,0.104545,0.164609,0.208875,0.244010,0.288275,0.317432,0.364139,0.416663,0.496064,0.627270
323,0.081097,0.127689,0.162027,0.189281,0.223619,0.246236,0.282467,0.323210,0.384803,0.486581
324,0.114627,0.180484,0.229018,0.267542,0.316076,0.348045,0.399255,0.456845,0.543903,0.687762
325,0.127598,0.200907,0.254933,0.297816,0.351842,0.387428,0.444434,0.508540,0.605450,0.765587
326,0.093304,0.146910,0.186416,0.217773,0.257279,0.283301,0.324985,0.371862,0.442725,0.559823
327,0.093977,0.147970,0.187760,0.219344,0.259135,0.285344,0.327329,0.374544,0.445919,0.563861
328,0.117610,0.185181,0.234978,0.274504,0.324302,0.357102,0.409646,0.468734,0.558058,0.705661
329,0.070188,0.110513,0.140231,0.163820,0.193538,0.213113,0.244470,0.279733,0.333040,0.421127
330,0.111411,0.175420,0.222593,0.260036,0.307208,0.338280,0.388054,0.444028,0.528643,0.668466
331,0.071426,0.112463,0.142706,0.166710,0.196953,0.216873,0.248784,0.284669,0.338917,0.428558
332,0.089996,0.141701,0.179807,0.210052,0.248157,0.273257,0.313463,0.358678,0.427029,0.539976
333,0.109594,0.172560,0.218963,0.255795,0.302199,0.332764,0.381726,0.436787,0.520023,0.657566
334,0.070460,0.110942,0.140776,0.164456,0.194290,0.213941,0.245419,0.280819,0.334333,0.422763
335,0.127308,0.200451,0.254355,0.297140,0.351044,0.386549,0.443425,0.507386,0.604076,0.763850
336,0.127520,0.200784,0.254778,0.297634,0.351628,0.387192,0.444163,0.508230,0.605080,0.765120
337,0.102778,0.161826,0.205343,0.239885,0.283402,0.312066,0.357982,0.409619,0.487677,0.616665
338,0.115819,0.182360,0.231399,0.270323,0.319362,0.351663,0.403406,0.461594,0.549557,0.694912
339,0.125556,0.197691,0.250853,0.293050,0.346211,0.381228,0.437321,0.500402,0.595760,0.753335
340,0.125799,0.198075,0.251340,0.293618,0.346883,0.381968,0.438170,0.501373,0.596916,0.754797
341,0.108177,0.170329,0.216132,0.252488,0.298292,0.328462,0.376791,0.431140,0.513300,0.649065
342,0.077152,0.121479,0.154146,0.180075,0.212743,0.234260,0.268728,0.307491,0.366087,0.462915
343,0.089169,0.140399,0.178154,0.208121,0.245876,0.270745,0.310582,0.355381,0.423104,0.535012
344,0.106464,0.167630,0.212708,0.248488,0.293566,0.323258,0.370822,0.424310,0.505168,0.638782
345,0.101588,0.159953,0.202966,0.237108,0.280121,0.308453,0.353838,0.404877,0.482031,0.609526
346,0.080416,0.126618,0.160667,0.187693,0.221742,0.244170,0.280096,0.320498,0.381573,0.482497
347,0.081839,0.128859,0.163510,0.191015,0.225666,0.248491,0.285053,0.326170,0.388326,0.491037
348,0.105964,0.166843,0.211710,0.247322,0.292188,0.321741,0.369081,0.422318,0.502797,0.635783
349,0.124661,0.196282,0.249064,0.290960,0.343743,0.378510,0.434203,0.496834,0.591512,0.747963
350,0.125594,0.197752,0.250930,0.293139,0.346317,0.381344,0.437455,0.500554,0.595942,0.753565
351,0.073659,0.115978,0.147166,0.171921,0.203109,0.223652,0.256560,0.293567,0.349510,0.441954
352,0.073511,0.115745,0.146870,0.171576,0.202701,0.223202,0.256044,0.292976,0.348807,0.441064
353,0.100311,0.157943,0.200416,0.234128,0.276601,0.304577,0.349392,0.399790,0.475975,0.601867
354,0.072891,0.114769,0.145632,0.170130,0.200992,0.221321,0.253886,0.290507,0.345867,0.437347
355,0.115273,0.181501,0.230308,0.269049,0.317857,0.350006,0.401505,0.459419,0.546968,0.691638
356,0.074094,0.116663,0.148035,0.172936,0.204308,0.224972,0.258074,0.295300,0.351573,0.444562
357,0.129374,0.203704,0.258482,0.301962,0.356740,0.392821,0.450621,0.515619,0.613878,0.776245
358,0.075727,0.119235,0.151298,0.176749,0.208812,0.229932,0.263764,0.301810,0.359324,0.454363
359,0.112784,0.177582,0.225336,0.263241,0.310995,0.342450,0.392837,0.449501,0.535159,0.676706
360,0.100093,0.157600,0.199981,0.233620,0.276001,0.303916,0.348634,0.398922,0.474941,0.600561
361,0.093187,0.146725,0.186181,0.217499,0.256955,0.282944,0.324576,0.371394,0.442168,0.559119
362,0.072390,0.113981,0.144631,0.168960,0.199611,0.219800,0.252141,0.288510,0.343490,0.434341
363,0.081205,0.127861,0.162244,0.189535,0.223918,0.246566,0.282845,0.323644,0.385318,0.487233
364,0.115634,0.182069,0.231029,0.269891,0.318852,0.351101,0.402762,0.460857,0.548680,0.693802
365,0.073020,0.114973,0.145890,0.170431,0.201348,0.221713,0.254335,0.291021,0.346479,0.438121
366,0.118670,0.186850,0.237096,0.276979,0.327225,0.360322,0.413339,0.472960,0.563089,0.712022
367,0.129435,0.203799,0.258603,0.302103,0.356907,0.393005,0.450832,0.515861,0.614165,0.776608
368,0.075115,0.118272,0.150076,0.175321,0.207126,0.228075,0.261633,0.299372,0.356421,0.450693
369,0.116858,0.183996,0.233475,0.272748,0.322227,0.354817,0.407025,0.465735,0.554487,0.701146
370,0.102542,0.161456,0.204873,0.239335,0.282752,0.311351,0.357162,0.408681,0.486560,0.615252
371,0.121454,0.191233,0.242657,0.283475,0.334900,0.368773,0.423033,0.484053,0.576295,0.728722
372,0.076460,0.120389,0.152762,0.178459,0.210833,0.232157,0.266316,0.304731,0.362801,0.458760
373,0.095938,0.151058,0.191679,0.223922,0.264543,0.291299,0.334161,0.382361,0.455225,0.575629
374,0.075155,0.118333,0.150155,0.175413,0.207234,0.228194,0.261770,0.299529,0.356608,0.450928
375,0.070851,0.111557,0.141556,0.165367,0.195366,0.215126,0.246780,0.282376,0.336186,0.425105
