; Vels for Baltic example — Minija
; depth_base/vel_base are real published means; per-flow scaling is synthetic
; CELL VELS IN M/S
10,Number of flows in table,,,,,,,,,,,,,,,,,,
,0.5,1.0,2.0,3.0,5.0,8.0,12.0,25.0,60.0,300.0
1,0.219408,0.309750,0.400092,0.452939,0.519518,0.580776,0.633623,0.729285,0.843390,1.053158
2,0.183397,0.258911,0.334426,0.378599,0.434250,0.485454,0.529628,0.609589,0.704966,0.880305
3,0.201262,0.284132,0.367003,0.415479,0.476551,0.532744,0.581220,0.668971,0.773639,0.966058
4,0.188242,0.265752,0.343261,0.388601,0.445723,0.498280,0.543620,0.625694,0.723592,0.903563
5,0.231498,0.326818,0.422139,0.477897,0.548145,0.612779,0.668538,0.769472,0.889864,1.111191
6,0.213683,0.301668,0.389653,0.441121,0.505963,0.565623,0.617090,0.710257,0.821385,1.025679
7,0.183794,0.259473,0.335151,0.379419,0.435192,0.486507,0.530776,0.610911,0.706495,0.882214
8,0.210754,0.297533,0.384312,0.435074,0.499027,0.557869,0.608632,0.700521,0.810126,1.011620
9,0.260926,0.368363,0.475800,0.538647,0.617825,0.690675,0.753522,0.867286,1.002983,1.252445
10,0.194716,0.274891,0.355066,0.401965,0.461052,0.515416,0.562315,0.647212,0.748476,0.934637
11,0.208739,0.294687,0.380636,0.430913,0.494255,0.552534,0.602811,0.693822,0.802378,1.001945
12,0.180762,0.255192,0.329621,0.373159,0.428011,0.478480,0.522018,0.600831,0.694838,0.867658
13,0.309034,0.436280,0.563526,0.637960,0.731736,0.818018,0.892452,1.027191,1.187907,1.483363
14,0.255396,0.360557,0.465717,0.527232,0.604732,0.676038,0.737553,0.848907,0.981728,1.225903
15,0.321720,0.454190,0.586659,0.664149,0.761774,0.851598,0.929088,1.069359,1.236673,1.544257
16,0.319521,0.451086,0.582650,0.659610,0.756568,0.845778,0.922738,1.062051,1.228221,1.533703
17,0.222379,0.313944,0.405509,0.459072,0.526552,0.588640,0.642202,0.739160,0.854810,1.067418
18,0.313297,0.442298,0.571299,0.646760,0.741830,0.829302,0.904762,1.041361,1.204294,1.503825
19,0.252766,0.356844,0.460921,0.521802,0.598504,0.669076,0.729957,0.840164,0.971617,1.213278
20,0.301184,0.425198,0.549212,0.621755,0.713149,0.797239,0.869783,1.001100,1.157734,1.445685
21,0.278164,0.392699,0.507234,0.574233,0.658641,0.736304,0.803303,0.924583,1.069245,1.335187
22,0.267339,0.377417,0.487495,0.551887,0.633010,0.707651,0.772043,0.888604,1.027636,1.283229
23,0.317775,0.448620,0.579465,0.656005,0.752433,0.841155,0.917695,1.056246,1.221507,1.525320
24,0.179885,0.253954,0.328022,0.371350,0.425936,0.476159,0.519487,0.597917,0.691469,0.863450
25,0.311043,0.439116,0.567189,0.642107,0.736492,0.823335,0.898253,1.033869,1.195629,1.493006
26,0.210426,0.297070,0.383714,0.434397,0.498251,0.557001,0.607685,0.699431,0.808865,1.010046
27,0.202346,0.285663,0.368980,0.417717,0.479119,0.535614,0.584351,0.672574,0.777806,0.971262
28,0.242885,0.342894,0.442903,0.501404,0.575107,0.642920,0.701422,0.807320,0.933635,1.165848
29,0.204426,0.288599,0.372772,0.422010,0.484043,0.541118,0.590356,0.679486,0.785800,0.981243
30,0.214533,0.302867,0.391202,0.442874,0.507974,0.567871,0.619544,0.713081,0.824650,1.029757
31,0.179081,0.252819,0.326556,0.369690,0.424032,0.474031,0.517165,0.595245,0.688378,0.859591
32,0.235844,0.332954,0.430063,0.486869,0.558435,0.624283,0.681088,0.783917,0.906570,1.132051
33,0.315558,0.445490,0.575423,0.651428,0.747184,0.835287,0.911293,1.048877,1.212986,1.514679
34,0.308422,0.435415,0.562409,0.636696,0.730286,0.816396,0.890683,1.025156,1.185553,1.480423
35,0.245441,0.346503,0.447564,0.506681,0.581160,0.649687,0.708804,0.815817,0.943461,1.178119
36,0.183175,0.258599,0.334022,0.378142,0.433726,0.484868,0.528988,0.608853,0.704115,0.879242
37,0.310502,0.438352,0.566203,0.640991,0.735212,0.821904,0.896691,1.032071,1.193551,1.490410
38,0.226864,0.320276,0.413688,0.468330,0.537172,0.600512,0.655154,0.754068,0.872050,1.088946
39,0.293631,0.414535,0.535439,0.606163,0.695265,0.777247,0.847971,0.975995,1.128701,1.409431
40,0.315418,0.445293,0.575168,0.651140,0.746853,0.834917,0.910889,1.048412,1.212449,1.514008
41,0.308677,0.435776,0.562875,0.637223,0.730891,0.817073,0.891421,1.026005,1.186536,1.481650
42,0.323302,0.456422,0.589543,0.667413,0.765519,0.855784,0.933654,1.074615,1.242751,1.551847
43,0.324289,0.457816,0.591343,0.669452,0.767857,0.858398,0.936506,1.077897,1.246546,1.556587
44,0.182392,0.257493,0.332593,0.376524,0.431871,0.482794,0.526725,0.606249,0.701104,0.875482
45,0.261926,0.369775,0.477624,0.540711,0.620192,0.693322,0.756409,0.870610,1.006827,1.257244
46,0.277016,0.391078,0.505140,0.571862,0.655922,0.733265,0.799987,0.920767,1.064831,1.329675
47,0.318264,0.449310,0.580356,0.657013,0.753589,0.842448,0.919105,1.057869,1.223385,1.527665
48,0.200123,0.282525,0.364926,0.413128,0.473855,0.529729,0.577931,0.665186,0.769262,0.960592
49,0.232378,0.328061,0.423743,0.479714,0.550229,0.615108,0.671079,0.772397,0.893247,1.115415
50,0.248165,0.350347,0.452530,0.512303,0.587608,0.656895,0.716668,0.824869,0.953929,1.191190
51,0.214647,0.303029,0.391410,0.443110,0.508244,0.568174,0.619873,0.713460,0.825089,1.030305
52,0.251915,0.355642,0.459368,0.520045,0.596488,0.666822,0.727498,0.837334,0.968345,1.209191
53,0.277940,0.392382,0.506825,0.573769,0.658110,0.735710,0.802655,0.923837,1.068382,1.334110
54,0.306510,0.432716,0.558923,0.632749,0.725759,0.811336,0.885162,1.018802,1.178205,1.471248
55,0.182299,0.257362,0.332424,0.376333,0.431651,0.482549,0.526458,0.605941,0.700747,0.875037
56,0.190615,0.269101,0.347587,0.393499,0.451340,0.504559,0.550471,0.633580,0.732710,0.914950
57,0.226543,0.319824,0.413104,0.467669,0.536413,0.599664,0.654229,0.753003,0.870819,1.087409
58,0.229781,0.324394,0.419007,0.474352,0.544079,0.608234,0.663579,0.763764,0.883264,1.102949
59,0.318853,0.450141,0.581430,0.658229,0.754984,0.844007,0.920806,1.059827,1.225649,1.530492
60,0.241274,0.340619,0.439965,0.498078,0.571292,0.638656,0.696769,0.801965,0.927442,1.158115
61,0.262719,0.370895,0.479070,0.542349,0.622071,0.695421,0.758700,0.873246,1.009876,1.261052
62,0.298261,0.421070,0.543880,0.615719,0.706226,0.789500,0.861339,0.991382,1.146495,1.431651
63,0.193829,0.273639,0.353449,0.400134,0.458952,0.513068,0.559754,0.644264,0.745067,0.930380
64,0.286206,0.404052,0.521898,0.590834,0.677682,0.757590,0.826526,0.951313,1.100156,1.373787
65,0.245861,0.347096,0.448330,0.507548,0.582154,0.650798,0.710017,0.817213,0.945075,1.180134
66,0.197180,0.278369,0.359559,0.407051,0.466885,0.521937,0.569430,0.655401,0.757946,0.946462
67,0.283252,0.399882,0.516512,0.584736,0.670689,0.749772,0.817996,0.941495,1.088803,1.359610
68,0.278307,0.392901,0.507495,0.574528,0.658980,0.736683,0.803716,0.925059,1.069795,1.335875
69,0.227608,0.321327,0.415046,0.469867,0.538935,0.602483,0.657305,0.756543,0.874912,1.092520
70,0.289837,0.409179,0.528520,0.598331,0.686281,0.767203,0.837014,0.963384,1.114116,1.391219
71,0.268921,0.379650,0.490379,0.555151,0.636755,0.711837,0.776609,0.893860,1.033714,1.290819
72,0.209802,0.296189,0.382575,0.433108,0.496772,0.555349,0.605882,0.697356,0.806465,1.007049
73,0.202045,0.285238,0.368431,0.417096,0.478407,0.534817,0.583482,0.671575,0.776650,0.969818
74,0.241299,0.340654,0.440010,0.498129,0.571351,0.638721,0.696840,0.802047,0.927536,1.158233
75,0.223498,0.315525,0.407551,0.461383,0.529203,0.591603,0.645435,0.742881,0.859113,1.072792
76,0.291166,0.411055,0.530944,0.601075,0.689429,0.770722,0.840852,0.967802,1.119226,1.397599
77,0.304192,0.429445,0.554697,0.627965,0.720272,0.805202,0.878470,1.011099,1.169297,1.460124
78,0.189690,0.267796,0.345902,0.391591,0.449152,0.502114,0.547802,0.630508,0.729158,0.910514
79,0.189430,0.267429,0.345428,0.391054,0.448536,0.501425,0.547051,0.629643,0.728158,0.909265
80,0.204677,0.288954,0.373230,0.422529,0.484638,0.541784,0.591082,0.680322,0.786767,0.982451
81,0.306853,0.433201,0.559549,0.633458,0.726572,0.812245,0.886154,1.019943,1.179525,1.472896
82,0.177913,0.251170,0.324426,0.367279,0.421266,0.470939,0.513792,0.591362,0.683888,0.853984
83,0.253610,0.358035,0.462459,0.523544,0.600501,0.671309,0.732393,0.842968,0.974860,1.217327
84,0.179687,0.253673,0.327660,0.370939,0.425465,0.475633,0.518913,0.597256,0.690704,0.862496
85,0.251212,0.354649,0.458086,0.518593,0.594823,0.664961,0.725468,0.834997,0.965642,1.205816
86,0.301957,0.426288,0.550620,0.623349,0.714978,0.799284,0.872013,1.003667,1.160702,1.449392
87,0.255265,0.360371,0.465477,0.526961,0.604420,0.675690,0.737173,0.848470,0.981222,1.225272
88,0.242572,0.342452,0.442332,0.500758,0.574366,0.642092,0.700518,0.806281,0.932432,1.164347
89,0.309215,0.436536,0.563857,0.638334,0.732165,0.818498,0.892976,1.027795,1.188605,1.484234
90,0.316658,0.447042,0.577427,0.653698,0.749787,0.838197,0.914467,1.052531,1.217212,1.519956
91,0.241503,0.340943,0.440383,0.498551,0.571835,0.639262,0.697431,0.802727,0.928323,1.159215
92,0.226432,0.319666,0.412900,0.467438,0.536148,0.599368,0.653906,0.752631,0.870389,1.086871
93,0.179719,0.253719,0.327719,0.371006,0.425542,0.475719,0.519006,0.597364,0.690829,0.862652
94,0.307364,0.433922,0.560480,0.634512,0.727781,0.813597,0.887629,1.021640,1.181488,1.475347
95,0.185656,0.262101,0.338545,0.383263,0.439600,0.491435,0.536152,0.617099,0.713651,0.891150
96,0.186888,0.263840,0.340792,0.385806,0.442517,0.494696,0.539710,0.621194,0.718387,0.897064
97,0.299999,0.423525,0.547051,0.619309,0.710343,0.794103,0.866361,0.997161,1.153179,1.439997
98,0.182165,0.257172,0.332179,0.376055,0.431332,0.482193,0.526069,0.605493,0.700230,0.874391
99,0.260054,0.367132,0.474210,0.536847,0.615760,0.688367,0.751003,0.864388,0.999631,1.248259
100,0.203316,0.287032,0.370748,0.419719,0.481415,0.538180,0.587151,0.675797,0.781534,0.975916
101,0.224410,0.316812,0.409214,0.463265,0.531362,0.594017,0.648069,0.745912,0.862619,1.077169
102,0.192052,0.271130,0.350208,0.396466,0.454744,0.508364,0.554622,0.638358,0.738236,0.921850
103,0.289305,0.408427,0.527550,0.597232,0.685021,0.765795,0.835477,0.961615,1.112070,1.388664
104,0.230256,0.325065,0.419874,0.475334,0.545205,0.609492,0.664952,0.765345,0.885091,1.105231
105,0.301676,0.425892,0.550109,0.622771,0.714314,0.798541,0.871203,1.002735,1.159625,1.448046
106,0.268168,0.378587,0.489006,0.553596,0.634971,0.709843,0.774434,0.891356,1.030819,1.287204
107,0.317641,0.448431,0.579221,0.655728,0.752116,0.840801,0.917308,1.055800,1.220992,1.524677
108,0.278737,0.393509,0.508280,0.575417,0.659999,0.737822,0.804959,0.926489,1.071449,1.337940
109,0.272913,0.385285,0.497658,0.563392,0.646207,0.722404,0.788138,0.907128,1.049059,1.309981
110,0.258485,0.364918,0.471350,0.533609,0.612046,0.684215,0.746473,0.859174,0.993602,1.240730
111,0.290859,0.410621,0.530383,0.600439,0.688700,0.769907,0.839963,0.966779,1.118042,1.396121
112,0.226900,0.320326,0.413753,0.468404,0.537257,0.600607,0.655258,0.754187,0.872188,1.089118
113,0.201839,0.284946,0.368054,0.416669,0.477917,0.534270,0.582885,0.670887,0.775855,0.968825
114,0.205459,0.290057,0.374656,0.424142,0.486489,0.543852,0.593339,0.682920,0.789771,0.986202
115,0.176512,0.249192,0.321871,0.364386,0.417948,0.467230,0.509745,0.586705,0.678501,0.847258
116,0.288261,0.406954,0.525647,0.595078,0.682550,0.763032,0.832463,0.958146,1.108059,1.383655
117,0.178418,0.251882,0.325346,0.368320,0.422460,0.472274,0.515248,0.593039,0.685827,0.856405
118,0.249564,0.352323,0.455083,0.515193,0.590923,0.660601,0.720711,0.829522,0.959310,1.197909
119,0.315789,0.445816,0.575844,0.651905,0.747730,0.835898,0.911959,1.049645,1.213873,1.515788
120,0.203333,0.287056,0.370780,0.419754,0.481456,0.538226,0.587201,0.675855,0.781600,0.975999
121,0.252624,0.356643,0.460662,0.521510,0.598168,0.668700,0.729548,0.839693,0.971072,1.212597
122,0.299976,0.423493,0.547009,0.619261,0.710289,0.794042,0.866294,0.997085,1.153090,1.439886
123,0.238734,0.337034,0.435334,0.492836,0.565279,0.631933,0.689435,0.793524,0.917680,1.145925
124,0.324691,0.458384,0.592077,0.670282,0.768809,0.859462,0.937668,1.079234,1.248093,1.558518
125,0.244648,0.345383,0.446118,0.505044,0.579282,0.647588,0.706514,0.813181,0.940413,1.174312
126,0.216608,0.305796,0.394985,0.447158,0.512887,0.573363,0.625536,0.719977,0.832626,1.039716
127,0.266300,0.375950,0.485601,0.549742,0.630550,0.704901,0.769042,0.885150,1.023642,1.278241
128,0.257052,0.362894,0.468736,0.530650,0.608652,0.680421,0.742334,0.854410,0.988092,1.233850
129,0.296587,0.418708,0.540829,0.612266,0.702265,0.785071,0.856507,0.985821,1.140064,1.423620
130,0.283957,0.400878,0.517798,0.586192,0.672359,0.751639,0.820033,0.943840,1.091514,1.362995
131,0.205919,0.290707,0.375494,0.425092,0.487578,0.545070,0.594668,0.684449,0.791539,0.988410
132,0.176940,0.249795,0.322651,0.365269,0.418961,0.468362,0.510980,0.588126,0.680145,0.849311
133,0.316648,0.447029,0.577410,0.653678,0.749764,0.838172,0.914440,1.052499,1.217175,1.519910
134,0.313666,0.442819,0.571972,0.647522,0.742703,0.830278,0.905828,1.042587,1.205712,1.505596
135,0.244291,0.344878,0.445466,0.504306,0.578435,0.646641,0.705481,0.811992,0.939038,1.172595
136,0.213975,0.302080,0.390185,0.441723,0.506653,0.566394,0.617932,0.711226,0.822506,1.027079
137,0.288101,0.406728,0.525355,0.594747,0.682171,0.762608,0.832000,0.957613,1.107443,1.382886
138,0.239795,0.338532,0.437268,0.495026,0.567791,0.634742,0.692499,0.797050,0.921758,1.151017
139,0.289738,0.409038,0.528339,0.598125,0.686045,0.766940,0.836726,0.963053,1.113733,1.390740
140,0.222608,0.314267,0.405927,0.459544,0.527094,0.589246,0.642863,0.739921,0.855690,1.068516
141,0.190931,0.269547,0.348164,0.394152,0.452089,0.505397,0.551385,0.634631,0.733926,0.916468
142,0.183949,0.259690,0.335432,0.379738,0.435557,0.486915,0.531221,0.611423,0.707087,0.882954
143,0.183320,0.258803,0.334286,0.378441,0.434069,0.485252,0.529407,0.609335,0.704672,0.879938
144,0.255756,0.361064,0.466372,0.527974,0.605582,0.676989,0.738590,0.850101,0.983109,1.227627
145,0.182067,0.257034,0.332001,0.375853,0.431101,0.481934,0.525787,0.605169,0.699854,0.873922
146,0.237190,0.334854,0.432518,0.489648,0.561622,0.627846,0.684975,0.788391,0.911744,1.138512
147,0.189308,0.267256,0.345204,0.390800,0.448246,0.501100,0.546697,0.629235,0.727686,0.908676
148,0.198013,0.279546,0.361078,0.408772,0.468859,0.524143,0.571837,0.658171,0.761150,0.950463
149,0.229491,0.323985,0.418479,0.473755,0.543393,0.607467,0.662742,0.762801,0.882151,1.101559
150,0.246162,0.347520,0.448878,0.508169,0.582867,0.651595,0.710885,0.818213,0.946232,1.181578
151,0.243037,0.343108,0.443179,0.501717,0.575466,0.643322,0.701860,0.807824,0.934218,1.166576
152,0.219501,0.309881,0.400262,0.453131,0.519738,0.581023,0.633892,0.729595,0.843748,1.053605
153,0.237774,0.335678,0.433583,0.490853,0.563005,0.629391,0.686662,0.790332,0.913988,1.141315
154,0.233728,0.329966,0.426205,0.482500,0.553425,0.618681,0.674977,0.776883,0.898435,1.121894
155,0.266802,0.376659,0.486516,0.550778,0.631739,0.706230,0.770492,0.886819,1.025572,1.280652
156,0.225644,0.318554,0.411464,0.465812,0.534284,0.597283,0.651632,0.750014,0.867362,1.083092
157,0.294443,0.415681,0.536919,0.607839,0.697187,0.779395,0.850315,0.978693,1.131821,1.413327
158,0.280393,0.395846,0.511299,0.578834,0.663919,0.742205,0.809740,0.931993,1.077813,1.345887
159,0.256529,0.362156,0.467783,0.529571,0.607415,0.679037,0.740825,0.852673,0.986083,1.231342
160,0.259096,0.365780,0.472464,0.534870,0.613492,0.685831,0.748237,0.861204,0.995949,1.243661
161,0.240128,0.339002,0.437876,0.495713,0.568579,0.635623,0.693460,0.798157,0.923038,1.152615
162,0.212438,0.299911,0.387383,0.438551,0.503015,0.562327,0.613495,0.706119,0.816600,1.019704
163,0.296218,0.418187,0.540155,0.611503,0.701389,0.784093,0.855440,0.984592,1.138643,1.421846
164,0.214384,0.302657,0.390931,0.442567,0.507622,0.567478,0.619114,0.712586,0.824079,1.029043
165,0.299222,0.422427,0.545633,0.617703,0.708502,0.792044,0.864114,0.994576,1.150189,1.436263
166,0.250391,0.353491,0.456591,0.516900,0.592881,0.662790,0.723099,0.832271,0.962489,1.201879
167,0.284591,0.401773,0.518954,0.587501,0.673860,0.753317,0.821864,0.945947,1.093951,1.366038
168,0.190426,0.268835,0.347244,0.393110,0.450894,0.504061,0.549927,0.632954,0.731986,0.914046
169,0.271913,0.383875,0.495836,0.561329,0.643841,0.719759,0.785252,0.903807,1.045218,1.305185
170,0.249201,0.351810,0.454420,0.514442,0.590062,0.659638,0.719661,0.828313,0.957913,1.196164
171,0.209412,0.295638,0.381864,0.432303,0.495849,0.554316,0.604756,0.696060,0.804966,1.005177
172,0.285283,0.402750,0.520216,0.588930,0.675499,0.755149,0.823863,0.948247,1.096612,1.369360
173,0.202733,0.286210,0.369686,0.418516,0.480035,0.536638,0.585469,0.673861,0.779295,0.973120
174,0.250470,0.353602,0.456734,0.517063,0.593068,0.662999,0.723327,0.832533,0.962792,1.202258
175,0.276122,0.389817,0.503511,0.570018,0.653807,0.730900,0.797407,0.917797,1.061397,1.325387
176,0.317158,0.447749,0.578339,0.654730,0.750971,0.839521,0.915912,1.054194,1.219134,1.522357
177,0.177088,0.250005,0.322921,0.365575,0.419312,0.468754,0.511408,0.588619,0.680715,0.850022
178,0.203399,0.287149,0.370899,0.419889,0.481610,0.538399,0.587390,0.676072,0.781851,0.976313
179,0.309260,0.436599,0.563938,0.638426,0.732271,0.818616,0.893104,1.027942,1.188776,1.484448
180,0.257345,0.363307,0.469270,0.531254,0.609345,0.681195,0.743179,0.855382,0.989217,1.235254
181,0.246442,0.347916,0.449389,0.508747,0.583530,0.652336,0.711694,0.819144,0.947308,1.182922
182,0.318538,0.449697,0.580857,0.657580,0.754240,0.843175,0.919899,1.058782,1.224441,1.528983
183,0.316241,0.446455,0.576668,0.652839,0.748801,0.837096,0.913266,1.051148,1.215612,1.517959
184,0.322928,0.455894,0.588861,0.666641,0.764633,0.854794,0.932575,1.073372,1.241314,1.550053
185,0.294549,0.415830,0.537112,0.608057,0.697437,0.779675,0.850620,0.979044,1.132227,1.413834
186,0.301780,0.426039,0.550297,0.622984,0.714559,0.798815,0.871502,1.003079,1.160022,1.448542
187,0.226291,0.319467,0.412643,0.467148,0.535815,0.598995,0.653500,0.752163,0.869848,1.086196
188,0.195123,0.275466,0.355808,0.402806,0.462015,0.516493,0.563491,0.648565,0.750041,0.936590
189,0.181007,0.255537,0.330067,0.373664,0.428590,0.479127,0.522724,0.601644,0.695778,0.868832
190,0.313998,0.443288,0.572578,0.648208,0.743490,0.831158,0.906788,1.043692,1.206990,1.507192
191,0.262202,0.370165,0.478128,0.541282,0.620846,0.694053,0.757207,0.871528,1.007889,1.258570
192,0.242185,0.341906,0.441627,0.499960,0.573450,0.641068,0.699401,0.804995,0.930945,1.162490
193,0.312032,0.440512,0.568992,0.644148,0.738834,0.825953,0.901109,1.037156,1.199431,1.497752
194,0.258891,0.365490,0.472089,0.534445,0.613005,0.685287,0.747644,0.860521,0.995159,1.242675
195,0.296736,0.418918,0.541101,0.612573,0.702617,0.785465,0.856937,0.986315,1.140635,1.424333
196,0.315499,0.445407,0.575315,0.651306,0.747044,0.835131,0.911122,1.048681,1.212759,1.514396
197,0.192723,0.272077,0.351432,0.397851,0.456332,0.510140,0.556560,0.640587,0.740815,0.925070
198,0.176454,0.249110,0.321766,0.364266,0.417811,0.467077,0.509578,0.586512,0.678279,0.846980
199,0.269648,0.380676,0.491705,0.556652,0.638476,0.713761,0.778709,0.896276,1.036509,1.294309
200,0.183274,0.258738,0.334202,0.378346,0.433960,0.485130,0.529273,0.609182,0.704495,0.879717
201,0.201676,0.284717,0.367758,0.416334,0.477532,0.533840,0.582416,0.670348,0.775231,0.968046
202,0.196110,0.276859,0.357608,0.404843,0.464353,0.519106,0.566341,0.651846,0.753835,0.941328
203,0.260494,0.367753,0.475013,0.537755,0.616802,0.689531,0.752274,0.865850,1.001322,1.250371
204,0.221540,0.312760,0.403979,0.457340,0.524565,0.586419,0.639779,0.736371,0.851585,1.063391
205,0.236736,0.334213,0.431690,0.488711,0.560548,0.626645,0.683665,0.786883,0.910000,1.136334
206,0.321570,0.453978,0.586385,0.663839,0.761419,0.851201,0.928654,1.068860,1.236095,1.543536
207,0.245945,0.347213,0.448482,0.507721,0.582352,0.651020,0.710258,0.817491,0.945397,1.180535
208,0.307881,0.434652,0.561423,0.635579,0.729005,0.814965,0.889121,1.023358,1.183474,1.477827
209,0.227831,0.321641,0.415451,0.470327,0.539462,0.603072,0.657947,0.757283,0.875768,1.093589
210,0.270160,0.381400,0.492640,0.557710,0.639690,0.715119,0.780190,0.897980,1.038480,1.296770
211,0.255795,0.361119,0.466444,0.528055,0.605675,0.677093,0.738703,0.850231,0.983259,1.227815
212,0.324652,0.458329,0.592006,0.670202,0.768717,0.859360,0.937556,1.079105,1.247944,1.558332
213,0.296131,0.418064,0.539997,0.611323,0.701183,0.783863,0.855189,0.984303,1.138308,1.421428
214,0.269875,0.380998,0.492120,0.557122,0.639015,0.714364,0.779367,0.897033,1.037384,1.295402
215,0.223622,0.315699,0.407776,0.461637,0.529495,0.591930,0.645792,0.743291,0.859588,1.073384
216,0.306540,0.432759,0.558978,0.632811,0.725831,0.811416,0.885249,1.018902,1.178321,1.471392
217,0.218266,0.308138,0.398010,0.450582,0.516815,0.577754,0.630326,0.725491,0.839002,1.047679
218,0.185888,0.262428,0.338968,0.383741,0.440148,0.492048,0.536821,0.617868,0.714541,0.892261
219,0.294108,0.415208,0.536307,0.607146,0.696393,0.778507,0.849346,0.977578,1.130531,1.411717
220,0.267638,0.377839,0.488040,0.552503,0.633717,0.708442,0.772905,0.889596,1.028784,1.284662
221,0.253767,0.358256,0.462746,0.523868,0.600873,0.671725,0.732847,0.843490,0.975464,1.218081
222,0.220194,0.310860,0.401525,0.454561,0.521379,0.582856,0.635892,0.731898,0.846411,1.056931
223,0.262699,0.370866,0.479034,0.542307,0.622023,0.695368,0.758642,0.873180,1.009799,1.260955
224,0.320745,0.452813,0.584881,0.662135,0.759465,0.849016,0.926271,1.066117,1.232923,1.539575
225,0.240030,0.338864,0.437697,0.495511,0.568348,0.635364,0.693178,0.797832,0.922661,1.152145
226,0.204601,0.288846,0.373091,0.422371,0.484457,0.541581,0.590861,0.680067,0.786472,0.982083
227,0.291903,0.412095,0.532287,0.602595,0.691173,0.772672,0.842979,0.970250,1.122057,1.401134
228,0.235006,0.331770,0.428535,0.485139,0.556451,0.622064,0.678668,0.781131,0.903348,1.128028
229,0.321100,0.453314,0.585528,0.662868,0.760305,0.849956,0.927296,1.067297,1.234288,1.541279
230,0.303977,0.429141,0.554305,0.627521,0.719762,0.804632,0.877848,1.010384,1.168470,1.459091
231,0.244969,0.345835,0.446702,0.505705,0.580041,0.648436,0.707439,0.814246,0.941644,1.175850
232,0.276767,0.390726,0.504686,0.571348,0.655333,0.732605,0.799268,0.919939,1.063874,1.328480
233,0.219617,0.310045,0.400472,0.453369,0.520012,0.581328,0.634225,0.729979,0.844193,1.054160
234,0.316009,0.446127,0.576245,0.652359,0.748251,0.836480,0.912594,1.050375,1.214718,1.516843
235,0.230595,0.325544,0.420492,0.476033,0.546007,0.610389,0.665930,0.766471,0.886394,1.106857
236,0.187055,0.264076,0.341097,0.386151,0.442912,0.495138,0.540192,0.621749,0.719029,0.897865
237,0.317186,0.447788,0.578390,0.654788,0.751037,0.839595,0.915992,1.054286,1.219241,1.522491
238,0.206237,0.291156,0.376075,0.425749,0.488331,0.545912,0.595587,0.685507,0.792762,0.989938
239,0.279144,0.394083,0.509021,0.576256,0.660962,0.738898,0.806133,0.927841,1.073012,1.339891
240,0.230476,0.325375,0.420274,0.475787,0.545725,0.610073,0.665586,0.766074,0.885935,1.106284
241,0.299914,0.423405,0.546896,0.619133,0.710142,0.793877,0.866115,0.996879,1.152852,1.439588
242,0.314230,0.443615,0.573001,0.648686,0.744039,0.831772,0.907457,1.044463,1.207881,1.508304
243,0.241621,0.341110,0.440598,0.498795,0.572115,0.639575,0.697772,0.803120,0.928777,1.159782
244,0.234659,0.331280,0.427902,0.484422,0.555629,0.621145,0.677665,0.779977,0.902013,1.126362
245,0.178161,0.251519,0.324877,0.367789,0.421852,0.471594,0.514506,0.592184,0.684838,0.855171
246,0.302372,0.426875,0.551378,0.624207,0.715962,0.800383,0.873213,1.005048,1.162300,1.451386
247,0.280062,0.395378,0.510695,0.578150,0.663135,0.741327,0.808783,0.930891,1.076540,1.344296
248,0.235146,0.331969,0.428791,0.485429,0.556783,0.622436,0.679073,0.781598,0.903888,1.128702
249,0.186635,0.263483,0.340330,0.385283,0.441918,0.494026,0.538979,0.620352,0.717414,0.895848
250,0.324249,0.457759,0.591270,0.669368,0.767761,0.858291,0.936389,1.077763,1.246391,1.556393
251,0.251503,0.355061,0.458618,0.519195,0.595514,0.665733,0.726310,0.835966,0.966763,1.207216
252,0.226306,0.319489,0.412672,0.467180,0.535852,0.599037,0.653545,0.752215,0.869908,1.086271
253,0.271872,0.383816,0.495760,0.561244,0.643743,0.719649,0.785132,0.903669,1.045059,1.304985
254,0.175880,0.248299,0.320718,0.363081,0.416451,0.465557,0.507919,0.584604,0.676072,0.844224
255,0.285375,0.402879,0.520383,0.589119,0.675715,0.755392,0.824127,0.948551,1.096963,1.369800
256,0.308361,0.435329,0.562298,0.636570,0.730141,0.816235,0.890507,1.024953,1.185319,1.480131
257,0.204417,0.288587,0.372756,0.421992,0.484022,0.541095,0.590331,0.679457,0.785766,0.981202
258,0.198926,0.280834,0.362743,0.410656,0.471020,0.526560,0.574473,0.661205,0.764659,0.954844
259,0.226253,0.319414,0.412574,0.467070,0.535726,0.598895,0.653391,0.752038,0.869703,1.086015
260,0.231653,0.327037,0.422421,0.478217,0.548512,0.613189,0.668985,0.769986,0.890460,1.111934
261,0.309344,0.436717,0.564091,0.638599,0.732469,0.818838,0.893346,1.028221,1.189098,1.484850
262,0.201625,0.284646,0.367666,0.416229,0.477412,0.533706,0.582269,0.670179,0.775036,0.967802
263,0.305559,0.431374,0.557189,0.630786,0.723507,0.808819,0.882416,1.015640,1.174549,1.466682
264,0.269813,0.380909,0.492005,0.556992,0.638867,0.714198,0.779185,0.896824,1.037143,1.295100
265,0.239692,0.338386,0.437080,0.494812,0.567546,0.634468,0.692200,0.796707,0.921361,1.150521
266,0.185085,0.261294,0.337504,0.382083,0.438247,0.489922,0.534502,0.615200,0.711455,0.888407
267,0.234163,0.330581,0.426998,0.483399,0.554455,0.619833,0.676234,0.778330,0.900108,1.123983
268,0.242573,0.342453,0.442334,0.500760,0.574368,0.642094,0.700520,0.806283,0.932435,1.164350
269,0.317571,0.448332,0.579093,0.655583,0.751950,0.840615,0.917105,1.055567,1.220723,1.524341
270,0.273250,0.385762,0.498274,0.564089,0.647006,0.723297,0.789112,0.908250,1.050356,1.311600
271,0.247145,0.348907,0.450670,0.510197,0.585193,0.654195,0.713723,0.821479,0.950008,1.186294
272,0.199998,0.282347,0.364697,0.412869,0.473557,0.529397,0.577568,0.664768,0.768778,0.959988
273,0.204863,0.289217,0.373570,0.422914,0.485079,0.542277,0.591620,0.680941,0.787482,0.983345
274,0.188416,0.265997,0.343577,0.388959,0.446134,0.498739,0.544121,0.626271,0.724258,0.904395
275,0.214862,0.303333,0.391803,0.443555,0.508755,0.568744,0.620496,0.714177,0.825918,1.031340
276,0.183187,0.258615,0.334042,0.378165,0.433753,0.484898,0.529021,0.608891,0.704159,0.879297
277,0.321170,0.453414,0.585657,0.663014,0.760473,0.850143,0.927500,1.067532,1.234559,1.541618
278,0.322016,0.454607,0.587198,0.664759,0.762474,0.852380,0.929941,1.070341,1.237808,1.545675
279,0.192584,0.271881,0.351178,0.397564,0.456003,0.509772,0.556158,0.640125,0.740280,0.924402
280,0.322908,0.455867,0.588825,0.666601,0.764587,0.854742,0.932518,1.073307,1.241238,1.549958
281,0.283238,0.399862,0.516487,0.584708,0.670656,0.749735,0.817956,0.941449,1.088750,1.359543
282,0.314055,0.443368,0.572681,0.648324,0.743623,0.831307,0.906950,1.043879,1.207206,1.507462
283,0.182923,0.258243,0.333562,0.377621,0.433129,0.484200,0.528259,0.608015,0.703145,0.878032
284,0.201854,0.284968,0.368082,0.416700,0.477952,0.534310,0.582928,0.670937,0.775913,0.968897
285,0.211416,0.298467,0.385519,0.436440,0.500594,0.559621,0.610543,0.702721,0.812670,1.014797
286,0.262075,0.369986,0.477896,0.541020,0.620546,0.693717,0.756841,0.871106,1.007401,1.257961
287,0.209915,0.296348,0.382781,0.433341,0.497039,0.555647,0.606207,0.697731,0.806899,1.007590
288,0.214788,0.303227,0.391667,0.443401,0.508578,0.568546,0.620280,0.713928,0.825631,1.030981
289,0.202368,0.285694,0.369020,0.417763,0.479171,0.535672,0.584415,0.672648,0.777891,0.971368
290,0.197461,0.278767,0.360072,0.407633,0.467552,0.522683,0.570244,0.656338,0.759029,0.947815
291,0.216720,0.305955,0.395191,0.447390,0.513153,0.573661,0.625861,0.720351,0.833058,1.040256
292,0.179715,0.253714,0.327712,0.370999,0.425533,0.475710,0.518996,0.597352,0.690815,0.862634
293,0.232491,0.328220,0.423949,0.479947,0.550496,0.615407,0.671405,0.772772,0.893681,1.115956
294,0.302795,0.427472,0.552148,0.625080,0.716962,0.801502,0.874433,1.006453,1.163924,1.453415
295,0.193816,0.273620,0.353425,0.400107,0.458920,0.513034,0.559716,0.644221,0.745016,0.930316
296,0.285911,0.403636,0.521361,0.590225,0.676985,0.756810,0.825675,0.950333,1.099024,1.372373
297,0.296642,0.418785,0.540928,0.612377,0.702393,0.785214,0.856664,0.986000,1.140272,1.423879
298,0.201869,0.284989,0.368109,0.416731,0.477988,0.534349,0.582972,0.670987,0.775971,0.968970
299,0.260079,0.367167,0.474255,0.536898,0.615818,0.688432,0.751075,0.864470,0.999726,1.248377
300,0.225670,0.318590,0.411511,0.465866,0.534345,0.597352,0.651706,0.750099,0.867461,1.083215
301,0.312459,0.441115,0.569772,0.645031,0.739846,0.827084,0.902343,1.038576,1.201073,1.499804
302,0.244621,0.345345,0.446068,0.504988,0.579218,0.647516,0.706435,0.813091,0.940308,1.174181
303,0.248978,0.351496,0.454014,0.513983,0.589535,0.659049,0.719018,0.827574,0.957057,1.195096
304,0.280460,0.395941,0.511422,0.578974,0.664079,0.742383,0.809935,0.932216,1.078072,1.346210
305,0.253368,0.357693,0.462018,0.523045,0.599929,0.670669,0.731695,0.842165,0.973931,1.216167
306,0.187850,0.265198,0.342546,0.387792,0.444795,0.497242,0.542488,0.624391,0.722085,0.901681
307,0.257391,0.363372,0.469354,0.531349,0.609453,0.681317,0.743312,0.855535,0.989393,1.235475
308,0.308229,0.435143,0.562057,0.636297,0.729829,0.815886,0.890126,1.024514,1.184812,1.479497
309,0.317889,0.448781,0.579673,0.656240,0.752703,0.841457,0.918024,1.056625,1.221946,1.525868
310,0.232021,0.327556,0.423092,0.478977,0.549383,0.614163,0.670048,0.771210,0.891874,1.113701
311,0.275480,0.388910,0.502340,0.568692,0.652286,0.729200,0.795552,0.915663,1.058928,1.322305
312,0.270898,0.382442,0.493985,0.559234,0.641437,0.717072,0.782320,0.900433,1.041316,1.300312
313,0.203720,0.287603,0.371486,0.420554,0.482373,0.539251,0.588319,0.677142,0.783089,0.977858
314,0.207155,0.292451,0.377748,0.427643,0.490504,0.548341,0.598237,0.688557,0.796290,0.994342
315,0.240752,0.339882,0.439013,0.497000,0.570056,0.637274,0.695261,0.800230,0.925435,1.155609
316,0.296651,0.418798,0.540946,0.612397,0.702416,0.785240,0.856692,0.986033,1.140309,1.423926
317,0.259735,0.366682,0.473628,0.536188,0.615004,0.687522,0.750082,0.863327,0.998404,1.246727
318,0.193689,0.273442,0.353194,0.399846,0.458621,0.512698,0.559351,0.643800,0.744530,0.929709
319,0.266370,0.376049,0.485727,0.549885,0.630715,0.705085,0.769243,0.885381,1.023909,1.278576
320,0.285760,0.403422,0.521085,0.589913,0.676626,0.756410,0.825238,0.949830,1.098442,1.371646
321,0.177473,0.250549,0.323624,0.366370,0.420224,0.469775,0.512521,0.589900,0.682197,0.851872
322,0.175981,0.248442,0.320903,0.363290,0.416691,0.465825,0.508212,0.584941,0.676461,0.844711
323,0.189058,0.266903,0.344749,0.390285,0.447655,0.500439,0.545976,0.628406,0.726727,0.907479
324,0.227398,0.321030,0.414662,0.469433,0.538437,0.601926,0.656697,0.755843,0.874104,1.091510
325,0.275927,0.389541,0.503155,0.569615,0.653345,0.730383,0.796843,0.917149,1.060647,1.324451
326,0.234842,0.331539,0.428237,0.484801,0.556063,0.621631,0.678195,0.780587,0.902719,1.127243
327,0.276967,0.391009,0.505051,0.571762,0.655807,0.733136,0.799846,0.920605,1.064644,1.329442
328,0.274189,0.387088,0.499986,0.566027,0.649230,0.725783,0.791824,0.911372,1.053966,1.316108
329,0.283836,0.400706,0.517576,0.585941,0.672071,0.751317,0.819682,0.943435,1.091047,1.362411
330,0.305297,0.431004,0.556711,0.630245,0.722886,0.808125,0.881659,1.014769,1.173541,1.465424
331,0.272578,0.384813,0.497048,0.562701,0.645415,0.721518,0.787171,0.906016,1.047773,1.308375
332,0.203407,0.287161,0.370915,0.419908,0.481631,0.538423,0.587415,0.676102,0.781886,0.976356
333,0.253409,0.357752,0.462094,0.523130,0.600027,0.670779,0.731815,0.842302,0.974090,1.216365
334,0.186836,0.263767,0.340698,0.385699,0.442394,0.494559,0.539560,0.621022,0.718188,0.896815
335,0.284397,0.401498,0.518599,0.587099,0.673399,0.752802,0.821302,0.945300,1.093203,1.365103
336,0.314974,0.444665,0.574357,0.650222,0.745800,0.833740,0.909605,1.046935,1.210740,1.511874
337,0.188399,0.265973,0.343547,0.388924,0.446094,0.498694,0.544072,0.626215,0.724193,0.904314
338,0.210998,0.297878,0.384757,0.435578,0.499606,0.558516,0.609337,0.701333,0.811065,1.012793
339,0.320309,0.452198,0.584086,0.661236,0.758433,0.847863,0.925013,1.064668,1.231248,1.537484
340,0.221093,0.312129,0.403165,0.456418,0.523508,0.585237,0.638490,0.734887,0.849868,1.061247
341,0.252486,0.356449,0.460411,0.521225,0.597841,0.668335,0.729149,0.839234,0.970542,1.211935
342,0.310548,0.438418,0.566287,0.641086,0.735322,0.822026,0.896825,1.032225,1.193729,1.490633
343,0.226080,0.319170,0.412259,0.466713,0.535316,0.598438,0.652891,0.751463,0.869038,1.085185
344,0.298161,0.420929,0.543698,0.615513,0.705989,0.789235,0.861050,0.991049,1.146110,1.431170
345,0.277939,0.392381,0.506824,0.573768,0.658108,0.735708,0.802653,0.923835,1.068380,1.334107
346,0.294074,0.415160,0.536245,0.607076,0.696312,0.778417,0.849248,0.977465,1.130401,1.411553
347,0.309025,0.436267,0.563509,0.637940,0.731713,0.817992,0.892424,1.027160,1.187871,1.483318
348,0.217665,0.307289,0.396913,0.449340,0.515390,0.576162,0.628588,0.723491,0.836690,1.044791
349,0.241800,0.341362,0.440924,0.499164,0.572538,0.640049,0.698289,0.803714,0.929465,1.160641
350,0.178457,0.251938,0.325418,0.368402,0.422554,0.472379,0.515363,0.593171,0.685979,0.856596
351,0.218366,0.308279,0.398192,0.450788,0.517051,0.578019,0.630614,0.725823,0.839386,1.048158
352,0.248760,0.351188,0.453616,0.513532,0.589018,0.658471,0.718388,0.826848,0.956218,1.194048
353,0.189607,0.267678,0.345750,0.391419,0.448955,0.501893,0.547561,0.630231,0.728838,0.910114
354,0.190938,0.269557,0.348176,0.394165,0.452105,0.505415,0.551404,0.634653,0.733952,0.916500
355,0.267495,0.377637,0.487779,0.552208,0.633379,0.708063,0.772492,0.889121,1.028234,1.283975
356,0.289688,0.408968,0.528248,0.598022,0.685927,0.766808,0.836582,0.962887,1.113542,1.390501
357,0.243084,0.343175,0.443266,0.501815,0.575579,0.643448,0.701997,0.807983,0.934401,1.166805
358,0.276743,0.390693,0.504643,0.571299,0.655277,0.732543,0.799199,0.919860,1.063783,1.328367
359,0.185627,0.262060,0.338493,0.383203,0.439531,0.491358,0.536068,0.617002,0.713539,0.891010
360,0.261566,0.369267,0.476967,0.539968,0.619340,0.692369,0.755370,0.869413,1.005443,1.255516
361,0.229613,0.324158,0.418702,0.474007,0.543683,0.607790,0.663095,0.763207,0.882620,1.102145
362,0.256231,0.361735,0.467239,0.528955,0.606707,0.678247,0.739963,0.851680,0.984935,1.229908
363,0.319194,0.450624,0.582053,0.658935,0.755794,0.844912,0.921794,1.060964,1.226964,1.532133
364,0.255800,0.361127,0.466454,0.528066,0.605688,0.677107,0.738719,0.850249,0.983280,1.227841
365,0.232471,0.328192,0.423913,0.479906,0.550449,0.615355,0.671348,0.772706,0.893605,1.115862
366,0.254989,0.359982,0.464975,0.526392,0.603768,0.674960,0.736377,0.847553,0.980163,1.223949
367,0.281546,0.397473,0.513400,0.581214,0.666648,0.745255,0.813068,0.935823,1.082244,1.351419
368,0.296810,0.419023,0.541236,0.612725,0.702792,0.785661,0.857151,0.986561,1.140920,1.424689
369,0.252893,0.357023,0.461152,0.522064,0.598804,0.669411,0.730323,0.840586,0.972105,1.213886
370,0.224364,0.316746,0.409129,0.463169,0.531252,0.593894,0.647934,0.745757,0.862439,1.076945
371,0.242418,0.342234,0.442050,0.500439,0.574000,0.641683,0.700071,0.805766,0.931838,1.163604
372,0.222276,0.313799,0.405322,0.458860,0.526309,0.588368,0.641906,0.738819,0.854415,1.066925
373,0.257670,0.363767,0.469864,0.531927,0.610116,0.682057,0.744120,0.856465,0.990469,1.236818
374,0.249768,0.352611,0.455454,0.515613,0.591405,0.661139,0.721299,0.830198,0.960092,1.198886
375,0.269433,0.380373,0.491312,0.556208,0.637967,0.713192,0.778088,0.895561,1.035682,1.293277
376,0.273413,0.385992,0.498571,0.564426,0.647392,0.723729,0.789584,0.908793,1.050984,1.312384
377,0.220571,0.311392,0.402213,0.455340,0.522272,0.583855,0.636982,0.733152,0.847862,1.058742
378,0.257806,0.363958,0.470110,0.532206,0.610436,0.682415,0.744510,0.856914,0.990989,1.237467
379,0.224951,0.317576,0.410200,0.464382,0.532643,0.595449,0.649631,0.747710,0.864698,1.079766
380,0.234761,0.331425,0.428089,0.484633,0.555871,0.621416,0.677961,0.780318,0.902407,1.126854
381,0.213431,0.301312,0.389194,0.440601,0.505366,0.564956,0.616363,0.709420,0.820417,1.024470
382,0.215855,0.304734,0.393613,0.445604,0.511105,0.571371,0.623362,0.717475,0.829733,1.036103
383,0.197548,0.278889,0.360229,0.407811,0.467756,0.522911,0.570493,0.656624,0.759361,0.948228
384,0.288651,0.407504,0.526357,0.595881,0.683472,0.764063,0.833588,0.959440,1.109556,1.385524
385,0.214644,0.303025,0.391406,0.443105,0.508238,0.568167,0.619866,0.713452,0.825079,1.030293
386,0.193949,0.273808,0.353668,0.400382,0.459236,0.513386,0.560101,0.644663,0.745528,0.930956
387,0.296084,0.417998,0.539912,0.611227,0.701073,0.783739,0.855054,0.984148,1.138129,1.421204
388,0.302973,0.427723,0.552473,0.625448,0.717384,0.801974,0.874948,1.007045,1.164609,1.454270
389,0.197834,0.279293,0.360751,0.408402,0.468434,0.523669,0.571319,0.657576,0.760461,0.949602
390,0.297964,0.420651,0.543339,0.615107,0.705523,0.788714,0.860482,0.990395,1.145354,1.430226
391,0.219070,0.309273,0.399476,0.452241,0.518718,0.579882,0.632647,0.728163,0.842092,1.051537
392,0.228620,0.322755,0.416890,0.471956,0.541330,0.605160,0.660226,0.759905,0.878801,1.097376
393,0.233313,0.329380,0.425447,0.481643,0.552441,0.617582,0.673778,0.775503,0.896839,1.119901
394,0.254273,0.358971,0.463669,0.524913,0.602072,0.673064,0.734308,0.845172,0.977409,1.220510
395,0.324469,0.458071,0.591672,0.669824,0.768284,0.858875,0.937027,1.078497,1.247240,1.557453
396,0.261785,0.369576,0.477367,0.540421,0.619859,0.692949,0.756003,0.870142,1.006286,1.256569
397,0.202564,0.285971,0.369377,0.418167,0.479635,0.536190,0.584980,0.673299,0.778644,0.972308
398,0.210176,0.296717,0.383258,0.433881,0.497658,0.556339,0.606962,0.698600,0.807904,1.008845
399,0.247817,0.349856,0.451895,0.511585,0.586784,0.655974,0.715663,0.823712,0.952592,1.189520
400,0.268799,0.379478,0.490157,0.554900,0.636466,0.711514,0.776257,0.893454,1.033246,1.290234
401,0.227881,0.321713,0.415544,0.470431,0.539581,0.603206,0.658093,0.757450,0.875962,1.093831
402,0.295333,0.416938,0.538542,0.609677,0.699295,0.781752,0.852886,0.981652,1.135243,1.417600
403,0.306957,0.433347,0.559738,0.633671,0.726817,0.812519,0.886453,1.020287,1.179922,1.473392
404,0.302201,0.426634,0.551066,0.623855,0.715557,0.799931,0.872720,1.004480,1.161643,1.450566
405,0.273799,0.386537,0.499275,0.565223,0.648307,0.724751,0.790699,0.910076,1.052468,1.314237
406,0.220290,0.310995,0.401701,0.454760,0.521607,0.583111,0.636171,0.732218,0.846782,1.057393
407,0.308706,0.435817,0.562927,0.637282,0.730959,0.817149,0.891504,1.026101,1.186646,1.481788
408,0.263167,0.371526,0.479886,0.543273,0.623130,0.696606,0.759992,0.874734,1.011596,1.263200
409,0.323643,0.456904,0.590165,0.668117,0.766326,0.856687,0.934639,1.075748,1.244062,1.553484
410,0.299698,0.423099,0.546501,0.618686,0.709629,0.793304,0.865490,0.996159,1.152020,1.438549
411,0.288094,0.406718,0.525342,0.594733,0.682155,0.762590,0.831981,0.957591,1.107417,1.382853
412,0.235194,0.332036,0.428878,0.485527,0.556896,0.622562,0.679211,0.781757,0.904071,1.128932
413,0.305735,0.431622,0.557510,0.631149,0.723924,0.809285,0.882924,1.016226,1.175226,1.467528
414,0.318434,0.449551,0.580667,0.657365,0.753994,0.842900,0.919598,1.058437,1.224041,1.528485
415,0.209613,0.295922,0.382231,0.432719,0.496326,0.554850,0.605337,0.696729,0.805741,1.006144
416,0.297596,0.420132,0.542668,0.614347,0.704652,0.787740,0.859419,0.989172,1.143939,1.428459
417,0.314625,0.444172,0.573720,0.649501,0.744973,0.832816,0.908597,1.045774,1.209397,1.510198
418,0.300094,0.423659,0.547224,0.619505,0.710568,0.794354,0.866635,0.997477,1.153544,1.440452
419,0.186060,0.262671,0.339282,0.384096,0.440556,0.492504,0.537318,0.618441,0.715203,0.893089
420,0.314089,0.443417,0.572744,0.648396,0.743706,0.831399,0.907051,1.043995,1.207340,1.507629
421,0.245368,0.346399,0.447431,0.506530,0.580987,0.649493,0.708593,0.815574,0.943180,1.177767
422,0.264419,0.373295,0.482170,0.545858,0.626096,0.699921,0.763609,0.878897,1.016411,1.269212
423,0.207114,0.292394,0.377673,0.427559,0.490407,0.548233,0.598119,0.688421,0.796132,0.994146
424,0.236256,0.333535,0.430814,0.487719,0.559411,0.625373,0.682278,0.785286,0.908153,1.134029
425,0.187778,0.265097,0.342415,0.387643,0.444624,0.497052,0.542280,0.624152,0.721808,0.901336
