; Vels for Baltic example — Sysa
; depth_base/vel_base are real published means; per-flow scaling is synthetic
; CELL VELS IN M/S
10,Number of flows in table,,,,,,,,,,,,,,,,,,
,0.5,1.0,1.8,2.5,4.0,6.0,10.0,18.0,45.0,200.0
1,0.136040,0.214731,0.281462,0.318756,0.372115,0.418146,0.476139,0.542869,0.646894,0.816239
2,0.177432,0.280067,0.367101,0.415742,0.485336,0.545374,0.621012,0.708046,0.843721,1.064592
3,0.174064,0.274750,0.360132,0.407850,0.476123,0.535021,0.609223,0.694605,0.827705,1.044383
4,0.163732,0.258442,0.338755,0.383641,0.447862,0.503263,0.573061,0.653375,0.778575,0.982391
5,0.127860,0.201820,0.264538,0.299590,0.349741,0.393005,0.447511,0.510229,0.607999,0.767161
6,0.138739,0.218992,0.287046,0.325081,0.379498,0.426443,0.485587,0.553641,0.659729,0.832434
7,0.129201,0.203936,0.267312,0.302731,0.353407,0.397125,0.452202,0.515578,0.614373,0.775204
8,0.144894,0.228707,0.299781,0.339503,0.396334,0.445362,0.507129,0.578203,0.688998,0.869365
9,0.164515,0.259678,0.340376,0.385476,0.450003,0.505670,0.575802,0.656500,0.782298,0.987089
10,0.129533,0.204461,0.268000,0.303511,0.354317,0.398147,0.453367,0.516905,0.615955,0.777200
11,0.152818,0.241216,0.316176,0.358070,0.418010,0.469719,0.534865,0.609825,0.726680,0.916911
12,0.174052,0.274731,0.360107,0.407822,0.476090,0.534983,0.609180,0.694556,0.827647,1.044309
13,0.189641,0.299338,0.392360,0.444349,0.518732,0.582900,0.663743,0.756766,0.901777,1.137845
14,0.192906,0.304491,0.399115,0.451999,0.527662,0.592935,0.675170,0.769794,0.917301,1.157433
15,0.143854,0.227065,0.297629,0.337065,0.393489,0.442164,0.503488,0.574052,0.684051,0.863123
16,0.127645,0.201481,0.264094,0.299087,0.349153,0.392344,0.446759,0.509371,0.606977,0.765872
17,0.125808,0.198581,0.260293,0.294782,0.344127,0.386697,0.440328,0.502040,0.598240,0.754848
18,0.127441,0.201159,0.263672,0.298609,0.348595,0.391717,0.446045,0.508557,0.606007,0.764648
19,0.121590,0.191924,0.251566,0.284899,0.332590,0.373733,0.425566,0.485208,0.578184,0.729541
20,0.186580,0.294506,0.386028,0.437177,0.510359,0.573492,0.653030,0.744551,0.887222,1.119480
21,0.190429,0.300582,0.393991,0.446196,0.520887,0.585323,0.666501,0.759911,0.905525,1.142574
22,0.188999,0.298325,0.391033,0.442846,0.516977,0.580928,0.661498,0.754206,0.898727,1.133996
23,0.152109,0.240096,0.314709,0.356409,0.416070,0.467539,0.532382,0.606995,0.723307,0.912655
24,0.188285,0.297197,0.389554,0.441171,0.515022,0.578732,0.658996,0.751354,0.895328,1.129708
25,0.150215,0.237106,0.310789,0.351970,0.410888,0.461716,0.525752,0.599435,0.714299,0.901289
26,0.153610,0.242466,0.317815,0.359926,0.420176,0.472153,0.537637,0.612986,0.730446,0.921663
27,0.118097,0.186410,0.244340,0.276715,0.323036,0.362997,0.413341,0.471270,0.561575,0.708585
28,0.153790,0.242750,0.318187,0.360348,0.420669,0.472706,0.538266,0.613704,0.731302,0.922742
29,0.125679,0.198377,0.260025,0.294479,0.343774,0.386300,0.439876,0.501524,0.597626,0.754073
30,0.194720,0.307355,0.402870,0.456251,0.532626,0.598513,0.681521,0.777035,0.925931,1.168322
31,0.180413,0.284772,0.373268,0.422727,0.493489,0.554536,0.631444,0.719941,0.857896,1.082476
32,0.134445,0.212214,0.278162,0.315019,0.367752,0.413244,0.470557,0.536505,0.639310,0.806669
33,0.109473,0.172797,0.226495,0.256507,0.299445,0.336487,0.383155,0.436853,0.520563,0.656837
34,0.160865,0.253917,0.332825,0.376925,0.440021,0.494453,0.563029,0.641936,0.764944,0.965192
35,0.186100,0.293748,0.385034,0.436052,0.509045,0.572015,0.651349,0.742634,0.884938,1.116598
36,0.165281,0.260887,0.341961,0.387271,0.452099,0.508025,0.578484,0.659557,0.785941,0.991686
37,0.143798,0.226977,0.297512,0.336933,0.393335,0.441991,0.503291,0.573827,0.683784,0.862785
38,0.137164,0.216506,0.283788,0.321390,0.375190,0.421602,0.480074,0.547356,0.652240,0.822984
39,0.125870,0.198680,0.260422,0.294928,0.344298,0.386889,0.440547,0.502289,0.598537,0.755223
40,0.115978,0.183064,0.239954,0.271748,0.317238,0.356481,0.405922,0.462811,0.551495,0.695866
41,0.135851,0.214434,0.281072,0.318315,0.371600,0.417567,0.475480,0.542118,0.645999,0.815109
42,0.183433,0.289539,0.379516,0.429803,0.501750,0.563818,0.642014,0.731992,0.872256,1.100596
43,0.185966,0.293537,0.384756,0.435738,0.508678,0.571603,0.650880,0.742099,0.884300,1.115794
44,0.175830,0.277538,0.363785,0.411988,0.480953,0.540449,0.615404,0.701652,0.836102,1.054978
45,0.151615,0.239316,0.313686,0.355250,0.414718,0.466019,0.530652,0.605022,0.720956,0.909689
46,0.145371,0.229461,0.300769,0.340621,0.397640,0.446829,0.508800,0.580108,0.691268,0.872229
47,0.133247,0.210323,0.275683,0.312211,0.364474,0.409561,0.466363,0.531723,0.633612,0.799480
48,0.109295,0.172517,0.226129,0.256091,0.298960,0.335942,0.382534,0.436146,0.519720,0.655773
49,0.183438,0.289547,0.379527,0.429816,0.501765,0.563835,0.642034,0.732014,0.872282,1.100629
50,0.148898,0.235027,0.308065,0.348884,0.407286,0.457668,0.521143,0.594180,0.708037,0.893388
51,0.153626,0.242490,0.317846,0.359962,0.420218,0.472200,0.537690,0.613046,0.730518,0.921754
52,0.139889,0.220807,0.289426,0.327775,0.382644,0.429978,0.489612,0.558230,0.665198,0.839334
53,0.128085,0.202176,0.265004,0.300118,0.350356,0.393696,0.448298,0.511127,0.609069,0.768511
54,0.144425,0.227967,0.298811,0.338404,0.395051,0.443920,0.505488,0.576331,0.686768,0.866551
55,0.126985,0.200439,0.262728,0.297540,0.347347,0.390315,0.444448,0.506736,0.603837,0.761910
56,0.175949,0.277726,0.364032,0.412267,0.481279,0.540815,0.615821,0.702127,0.836669,1.055693
57,0.186336,0.294122,0.385524,0.436607,0.509693,0.572743,0.652178,0.743579,0.886064,1.118019
58,0.174111,0.274825,0.360230,0.407961,0.476252,0.535166,0.609389,0.694794,0.827930,1.044666
59,0.109973,0.173586,0.227530,0.257678,0.300813,0.338024,0.384905,0.438849,0.522941,0.659837
60,0.140215,0.221322,0.290100,0.328539,0.383535,0.430979,0.490752,0.559530,0.666747,0.841289
61,0.178404,0.281601,0.369112,0.418020,0.487995,0.548362,0.624414,0.711925,0.848344,1.070425
62,0.164896,0.260280,0.341165,0.386370,0.451047,0.506843,0.577138,0.658023,0.784113,0.989379
63,0.162247,0.256098,0.335683,0.380162,0.443800,0.498699,0.567864,0.647450,0.771514,0.973481
64,0.181593,0.286634,0.375709,0.425491,0.496717,0.558162,0.635574,0.724649,0.863506,1.089555
65,0.125252,0.197703,0.259141,0.293478,0.342605,0.384987,0.438381,0.499819,0.595594,0.751510
66,0.188438,0.297438,0.389871,0.441530,0.515440,0.579202,0.659532,0.751964,0.896055,1.130626
67,0.190222,0.300255,0.393563,0.445711,0.520321,0.584686,0.665777,0.759085,0.904540,1.141332
68,0.172341,0.272031,0.356568,0.403814,0.471411,0.529726,0.603194,0.687730,0.819513,1.034046
69,0.172365,0.272069,0.356617,0.403870,0.471476,0.529799,0.603278,0.687826,0.819628,1.034190
70,0.130818,0.206489,0.270658,0.306521,0.357832,0.402096,0.457863,0.522032,0.622064,0.784909
71,0.193689,0.305728,0.400737,0.453835,0.529806,0.595344,0.677913,0.772921,0.921029,1.162136
72,0.179290,0.283000,0.370945,0.420096,0.490419,0.551085,0.627516,0.715461,0.852558,1.075741
73,0.184257,0.290839,0.381221,0.431733,0.504004,0.566350,0.644898,0.735280,0.876174,1.105539
74,0.105892,0.167145,0.219087,0.248116,0.289650,0.325481,0.370622,0.422564,0.503536,0.635352
75,0.149680,0.236262,0.309684,0.350718,0.409426,0.460074,0.523881,0.597303,0.711758,0.898083
76,0.110128,0.173831,0.227852,0.258043,0.301238,0.338502,0.385449,0.439469,0.523680,0.660770
77,0.160089,0.252693,0.331220,0.375107,0.437899,0.492068,0.560313,0.638840,0.761255,0.960537
78,0.186117,0.293775,0.385069,0.436092,0.509092,0.572068,0.651408,0.742702,0.885019,1.116700
79,0.163045,0.257358,0.337335,0.382033,0.445984,0.501153,0.570659,0.650635,0.775310,0.978272
80,0.118288,0.186711,0.244733,0.277161,0.323557,0.363581,0.414007,0.472029,0.562480,0.709726
81,0.107876,0.170277,0.223193,0.252766,0.295078,0.331580,0.377568,0.430483,0.512972,0.647259
82,0.116019,0.183129,0.240039,0.271845,0.317351,0.356608,0.406066,0.462975,0.551691,0.696113
83,0.105793,0.166989,0.218882,0.247885,0.289380,0.325177,0.370276,0.422169,0.503065,0.634758
84,0.184937,0.291912,0.382627,0.433326,0.505864,0.568440,0.647278,0.737993,0.879407,1.109619
85,0.130043,0.205265,0.269054,0.304704,0.355711,0.399713,0.455150,0.518938,0.618377,0.780256
86,0.105361,0.166306,0.217987,0.246871,0.288197,0.323847,0.368762,0.420444,0.501009,0.632164
87,0.116453,0.183815,0.240938,0.272863,0.318539,0.357943,0.407587,0.464709,0.553757,0.698720
88,0.140896,0.222397,0.291509,0.330135,0.385398,0.433073,0.493136,0.562249,0.669987,0.845376
89,0.159129,0.251177,0.329233,0.372858,0.435273,0.489117,0.556953,0.635009,0.756690,0.954777
90,0.144979,0.228841,0.299956,0.339701,0.396566,0.445622,0.507426,0.578541,0.689401,0.869873
91,0.136637,0.215674,0.282697,0.320155,0.373748,0.419982,0.478229,0.545252,0.649734,0.819821
92,0.136420,0.215331,0.282247,0.319646,0.373153,0.419313,0.477468,0.544385,0.648700,0.818517
93,0.147607,0.232989,0.305393,0.345859,0.403754,0.453700,0.516624,0.589028,0.701897,0.885641
94,0.105731,0.166891,0.218755,0.247740,0.289211,0.324987,0.370060,0.421923,0.502772,0.634388
95,0.131820,0.208071,0.272731,0.308869,0.360572,0.405176,0.461370,0.526031,0.626829,0.790921
96,0.188223,0.297100,0.389427,0.441027,0.514854,0.578542,0.658781,0.751108,0.895035,1.129339
97,0.123193,0.194453,0.254882,0.288654,0.336974,0.378659,0.431175,0.491604,0.585805,0.739158
98,0.143355,0.226279,0.296597,0.335897,0.392125,0.440632,0.501744,0.572062,0.681681,0.860132
99,0.145973,0.230410,0.302013,0.342030,0.399285,0.448677,0.510905,0.582507,0.694127,0.875837
100,0.188980,0.298294,0.390992,0.442800,0.516923,0.580867,0.661428,0.754127,0.898632,1.133877
101,0.158322,0.249903,0.327563,0.370966,0.433064,0.486636,0.554127,0.631788,0.752851,0.949933
102,0.135906,0.214521,0.281186,0.318443,0.371750,0.417736,0.475672,0.542337,0.646259,0.815438
103,0.193144,0.304867,0.399608,0.452558,0.528314,0.593668,0.676004,0.770745,0.918435,1.158864
104,0.171479,0.270670,0.354784,0.401793,0.469052,0.527075,0.600176,0.684289,0.815413,1.028872
105,0.166917,0.263469,0.345345,0.391105,0.456574,0.513054,0.584209,0.666086,0.793721,1.001502
106,0.166723,0.263163,0.344943,0.390649,0.456043,0.512456,0.583529,0.665310,0.792797,1.000336
107,0.181360,0.286267,0.375227,0.424946,0.496080,0.557447,0.634759,0.723720,0.862399,1.088159
108,0.120427,0.190087,0.249159,0.282173,0.329408,0.370156,0.421493,0.480565,0.572651,0.722560
109,0.168508,0.265980,0.348637,0.394832,0.460926,0.517943,0.589777,0.672434,0.801286,1.011047
110,0.176967,0.279333,0.366139,0.414654,0.484065,0.543946,0.619386,0.706192,0.841512,1.061804
111,0.107048,0.168969,0.221478,0.250824,0.292811,0.329033,0.374667,0.427176,0.509031,0.642286
112,0.145093,0.229021,0.300192,0.339968,0.396878,0.445973,0.507825,0.578996,0.689943,0.870557
113,0.154786,0.244321,0.320246,0.362680,0.423391,0.475766,0.541750,0.617675,0.736034,0.928714
114,0.134115,0.211694,0.277480,0.314247,0.366850,0.412231,0.469403,0.535190,0.637743,0.804692
115,0.107168,0.169158,0.221726,0.251106,0.293140,0.329402,0.375087,0.427655,0.509602,0.643006
116,0.173454,0.273788,0.358870,0.406421,0.474455,0.533146,0.607089,0.692171,0.824805,1.040723
117,0.137693,0.217341,0.284882,0.322630,0.376637,0.423228,0.481926,0.549467,0.654756,0.826159
118,0.188240,0.297127,0.389463,0.441068,0.514901,0.578595,0.658841,0.751177,0.895117,1.129442
119,0.141182,0.222847,0.292100,0.330804,0.386179,0.433950,0.494135,0.563388,0.671344,0.847089
120,0.117528,0.185512,0.243162,0.275382,0.321480,0.361248,0.411349,0.468999,0.558869,0.705170
121,0.154398,0.243708,0.319443,0.361771,0.422330,0.474573,0.540392,0.616127,0.734189,0.926386
122,0.147454,0.232749,0.305078,0.345502,0.403338,0.453232,0.516091,0.588420,0.701173,0.884727
123,0.120757,0.190609,0.249842,0.282947,0.330311,0.371172,0.422650,0.481884,0.574222,0.724543
124,0.161252,0.254528,0.333625,0.377832,0.441079,0.495642,0.564383,0.643480,0.766784,0.967513
125,0.192014,0.303084,0.397271,0.449911,0.525224,0.590196,0.672050,0.766237,0.913063,1.152086
126,0.112765,0.177993,0.233306,0.264220,0.308449,0.346605,0.394676,0.449989,0.536216,0.676587
127,0.141488,0.223332,0.292735,0.331523,0.387018,0.434894,0.495209,0.564612,0.672803,0.848930
128,0.122650,0.193597,0.253759,0.287383,0.335490,0.376991,0.429276,0.489439,0.583225,0.735902
129,0.109153,0.172293,0.225834,0.255758,0.298571,0.335505,0.382037,0.435578,0.519044,0.654920
130,0.140523,0.221808,0.290737,0.329261,0.384378,0.431926,0.491831,0.560760,0.668213,0.843138
131,0.129847,0.204957,0.268650,0.304246,0.355176,0.399112,0.454466,0.518158,0.617448,0.779084
132,0.116118,0.183287,0.240245,0.272078,0.317623,0.356914,0.406414,0.463373,0.552164,0.696710
133,0.127984,0.202016,0.264795,0.299881,0.350080,0.393386,0.447945,0.510724,0.608589,0.767906
134,0.157015,0.247840,0.324859,0.367903,0.429489,0.482618,0.549553,0.626572,0.746635,0.942090
135,0.156986,0.247794,0.324799,0.367836,0.429410,0.482529,0.549452,0.626457,0.746498,0.941917
136,0.127770,0.201679,0.264353,0.299380,0.349495,0.392729,0.447196,0.509870,0.607572,0.766622
137,0.143964,0.227240,0.297857,0.337324,0.393791,0.442504,0.503875,0.574493,0.684577,0.863786
138,0.171995,0.271485,0.355853,0.403004,0.470465,0.528663,0.601984,0.686351,0.817870,1.031973
139,0.186156,0.293837,0.385150,0.436183,0.509199,0.572188,0.651545,0.742859,0.885205,1.116935
140,0.158213,0.249731,0.327338,0.370711,0.432766,0.486301,0.553746,0.631353,0.752333,0.949279
141,0.172164,0.271751,0.356201,0.403399,0.470926,0.529181,0.602574,0.687023,0.818671,1.032983
142,0.124249,0.196120,0.257067,0.291129,0.339863,0.381905,0.434872,0.495818,0.590827,0.745494
143,0.112984,0.178339,0.233760,0.264733,0.309049,0.347279,0.395443,0.450864,0.537259,0.677903
144,0.160588,0.253479,0.332251,0.376275,0.439262,0.493600,0.562058,0.640829,0.763625,0.963527
145,0.161483,0.254892,0.334102,0.378372,0.441709,0.496350,0.565189,0.644400,0.767880,0.968896
146,0.132296,0.208822,0.273716,0.309984,0.361874,0.406639,0.463036,0.527930,0.629092,0.793777
147,0.157413,0.248467,0.325681,0.368835,0.430577,0.483840,0.550944,0.628159,0.748526,0.944476
148,0.170846,0.269671,0.353475,0.400311,0.467322,0.525131,0.597962,0.681765,0.812405,1.025077
149,0.111075,0.175326,0.229810,0.260261,0.303828,0.341412,0.388763,0.443247,0.528182,0.666450
150,0.132636,0.209359,0.274420,0.310781,0.362805,0.407685,0.464227,0.529287,0.630709,0.795817
151,0.159531,0.251811,0.330064,0.373798,0.436370,0.490351,0.558358,0.636611,0.758598,0.957185
152,0.179115,0.282723,0.370582,0.419685,0.489939,0.550546,0.626901,0.714761,0.851723,1.074688
153,0.147337,0.232563,0.304835,0.345226,0.403016,0.452870,0.515679,0.587951,0.700614,0.884021
154,0.127573,0.201366,0.263943,0.298916,0.348954,0.392121,0.446504,0.509081,0.606631,0.765436
155,0.118781,0.187490,0.245754,0.278317,0.324907,0.365099,0.415734,0.473999,0.564827,0.712687
156,0.105347,0.166284,0.217959,0.246839,0.288159,0.323805,0.368714,0.420389,0.500944,0.632082
157,0.132739,0.209521,0.274632,0.311022,0.363086,0.408001,0.464586,0.529698,0.631198,0.796434
158,0.131463,0.207507,0.271992,0.308031,0.359594,0.404077,0.460119,0.524604,0.625129,0.788775
159,0.146635,0.231455,0.303382,0.343581,0.401095,0.450712,0.513222,0.585149,0.697275,0.879809
160,0.148680,0.234684,0.307615,0.348374,0.406691,0.457000,0.520381,0.593312,0.707002,0.892082
161,0.109027,0.172094,0.225574,0.255463,0.298226,0.335118,0.381595,0.435075,0.518444,0.654163
162,0.130858,0.206553,0.270742,0.306616,0.357942,0.402220,0.458004,0.522193,0.622256,0.785150
163,0.123352,0.194705,0.255211,0.289027,0.337410,0.379148,0.431732,0.492239,0.586562,0.740113
164,0.152570,0.240824,0.315663,0.357489,0.417331,0.468956,0.533996,0.608835,0.725500,0.915422
165,0.145323,0.229384,0.300668,0.340507,0.397506,0.446679,0.508629,0.579913,0.691036,0.871936
166,0.124870,0.197101,0.258353,0.292585,0.341563,0.383815,0.437046,0.498298,0.593782,0.749223
167,0.144884,0.228691,0.299759,0.339478,0.396306,0.445330,0.507093,0.578161,0.688949,0.869302
168,0.126093,0.199031,0.260882,0.295449,0.344906,0.387572,0.441325,0.503176,0.599594,0.756557
169,0.192948,0.304558,0.399203,0.452099,0.527778,0.593066,0.675319,0.769964,0.917504,1.157690
170,0.171164,0.270174,0.354133,0.401057,0.468192,0.526109,0.599075,0.683035,0.813918,1.026986
171,0.156932,0.247708,0.324687,0.367708,0.429261,0.482362,0.549261,0.626240,0.746240,0.941591
172,0.192956,0.304570,0.399218,0.452116,0.527798,0.593089,0.675345,0.769993,0.917539,1.157733
173,0.180143,0.284345,0.372709,0.422094,0.492751,0.553706,0.630499,0.718863,0.856612,1.080856
174,0.164094,0.259013,0.339504,0.384489,0.448852,0.504376,0.574328,0.654819,0.780296,0.984562
175,0.128700,0.203147,0.266277,0.301559,0.352039,0.395587,0.450452,0.513582,0.611994,0.772203
176,0.138370,0.218410,0.286283,0.324216,0.378489,0.425309,0.484296,0.552169,0.657976,0.830221
177,0.149258,0.235596,0.308811,0.349729,0.408272,0.458777,0.522405,0.595619,0.709751,0.895551
178,0.141205,0.222884,0.292148,0.330858,0.386242,0.434022,0.494216,0.563480,0.671454,0.847228
179,0.159462,0.251702,0.329921,0.373637,0.436182,0.490139,0.558117,0.636336,0.758271,0.956771
180,0.149068,0.235296,0.308417,0.349283,0.407751,0.458191,0.521738,0.594859,0.708846,0.894408
181,0.159288,0.251428,0.329562,0.373230,0.435707,0.489605,0.557509,0.635643,0.757445,0.955730
182,0.191471,0.302226,0.396146,0.448637,0.523737,0.588525,0.670147,0.764068,0.910478,1.148824
183,0.106955,0.168823,0.221286,0.250608,0.292558,0.328749,0.374343,0.426807,0.508591,0.641731
184,0.120691,0.190504,0.249706,0.282793,0.330131,0.370969,0.422419,0.481620,0.573909,0.724147
185,0.179549,0.283408,0.371480,0.420702,0.491126,0.551880,0.628421,0.716493,0.853787,1.077293
186,0.156649,0.247261,0.324101,0.367045,0.428487,0.481492,0.548271,0.625110,0.744893,0.939892
187,0.114130,0.180148,0.236131,0.267419,0.312184,0.350802,0.399455,0.455438,0.542709,0.684779
188,0.189631,0.299322,0.392339,0.444325,0.518703,0.582869,0.663707,0.756725,0.901728,1.137784
189,0.166601,0.262971,0.344692,0.390364,0.455710,0.512083,0.583104,0.664825,0.792219,0.999606
190,0.146101,0.230613,0.302279,0.342331,0.399636,0.449073,0.511355,0.583020,0.694739,0.876608
191,0.130747,0.206377,0.270511,0.306355,0.357637,0.401878,0.457615,0.521749,0.621726,0.784482
192,0.157343,0.248357,0.325537,0.368672,0.430386,0.483626,0.550700,0.627880,0.748194,0.944058
193,0.163135,0.257500,0.337520,0.382243,0.446229,0.501429,0.570972,0.650993,0.775736,0.978809
194,0.118210,0.186588,0.244572,0.276978,0.323343,0.363342,0.413734,0.471718,0.562109,0.709258
195,0.179513,0.283351,0.371405,0.420618,0.491027,0.551769,0.628294,0.716349,0.853616,1.077076
196,0.113638,0.179371,0.235112,0.266266,0.310837,0.349289,0.397732,0.453474,0.540368,0.681826
197,0.109599,0.172995,0.226756,0.256802,0.299789,0.336874,0.383595,0.437355,0.521162,0.657592
198,0.141049,0.222638,0.291826,0.330494,0.385817,0.433544,0.493672,0.562860,0.670715,0.846295
199,0.162270,0.256134,0.335731,0.380216,0.443863,0.498770,0.567945,0.647541,0.771623,0.973619
200,0.112451,0.177497,0.232657,0.263484,0.307591,0.345640,0.393577,0.448737,0.534724,0.674704
201,0.179673,0.283604,0.371738,0.420994,0.491467,0.552263,0.628856,0.716990,0.854379,1.078040
202,0.147459,0.232756,0.305088,0.345513,0.403351,0.453246,0.516107,0.588439,0.701196,0.884755
203,0.115440,0.182216,0.238842,0.270489,0.315768,0.354829,0.404041,0.460667,0.548940,0.692642
204,0.168637,0.266185,0.348905,0.395136,0.461280,0.518342,0.590231,0.672951,0.801902,1.011824
205,0.106787,0.168558,0.220939,0.250214,0.292099,0.328233,0.373755,0.426137,0.507793,0.640724
206,0.189335,0.298854,0.391727,0.443632,0.517894,0.581959,0.662671,0.755544,0.900321,1.136008
207,0.107498,0.169679,0.222409,0.251879,0.294043,0.330416,0.376242,0.428972,0.511172,0.644987
208,0.134210,0.211843,0.277676,0.314469,0.367110,0.412522,0.469735,0.535568,0.638194,0.805261
209,0.106303,0.167794,0.219938,0.249080,0.290775,0.326745,0.372061,0.424205,0.505491,0.637819
210,0.155538,0.245509,0.321803,0.364443,0.425450,0.478079,0.544384,0.620679,0.739613,0.933230
211,0.132101,0.208515,0.273313,0.309528,0.361342,0.406041,0.462355,0.527153,0.628166,0.792608
212,0.174198,0.274961,0.360409,0.408164,0.476489,0.535432,0.609692,0.695139,0.828342,1.045186
213,0.183942,0.290342,0.380569,0.430995,0.503143,0.565383,0.643796,0.734023,0.874677,1.103650
214,0.171464,0.270647,0.354753,0.401759,0.469012,0.527030,0.600124,0.684231,0.815343,1.028785
215,0.177621,0.280365,0.367492,0.416185,0.485853,0.545954,0.621673,0.708800,0.844620,1.065726
216,0.158664,0.250443,0.328271,0.371768,0.434000,0.487687,0.555325,0.633153,0.754478,0.951986
217,0.182102,0.287438,0.376763,0.426685,0.498111,0.559728,0.637358,0.726682,0.865929,1.092613
218,0.112656,0.177822,0.233082,0.263966,0.308153,0.346272,0.394297,0.449557,0.535701,0.675938
219,0.175050,0.276307,0.362172,0.410161,0.478820,0.538052,0.612674,0.698540,0.832394,1.050299
220,0.174843,0.275980,0.361744,0.409676,0.478255,0.537416,0.611951,0.697715,0.831411,1.049059
221,0.105358,0.166301,0.217981,0.246864,0.288188,0.323838,0.368751,0.420431,0.500994,0.632145
222,0.138836,0.219146,0.287248,0.325309,0.379764,0.426742,0.485928,0.554030,0.660193,0.833019
223,0.125591,0.198239,0.259844,0.294274,0.343534,0.386030,0.439569,0.501174,0.597209,0.753546
224,0.123542,0.195005,0.255605,0.289473,0.337930,0.379733,0.432398,0.492998,0.587467,0.741254
225,0.134300,0.211986,0.277863,0.314681,0.367357,0.412800,0.470052,0.535929,0.638623,0.805803
226,0.131905,0.208205,0.272908,0.309069,0.360806,0.405438,0.461669,0.526371,0.627234,0.791432
227,0.150335,0.237296,0.311038,0.352251,0.411217,0.462086,0.526173,0.599915,0.714871,0.902010
228,0.181661,0.286743,0.375851,0.425653,0.496905,0.558374,0.635815,0.724924,0.863833,1.089969
229,0.193782,0.305874,0.400928,0.454052,0.530059,0.595629,0.678237,0.773291,0.921469,1.162692
230,0.170091,0.268479,0.351911,0.398541,0.465255,0.522808,0.595317,0.678750,0.808812,1.020543
231,0.124131,0.195934,0.256822,0.290852,0.339539,0.381541,0.434458,0.495346,0.590265,0.744785
232,0.117510,0.185483,0.243124,0.275339,0.321430,0.361192,0.411286,0.468927,0.558782,0.705061
233,0.113098,0.178519,0.233995,0.265000,0.309361,0.347629,0.395842,0.451319,0.537801,0.678587
234,0.126855,0.200234,0.262459,0.297236,0.346992,0.389916,0.443994,0.506219,0.603220,0.761132
235,0.109982,0.173601,0.227550,0.257701,0.300839,0.338054,0.384939,0.438887,0.522987,0.659895
236,0.134917,0.212960,0.279140,0.316126,0.369045,0.414697,0.472211,0.538391,0.641557,0.809505
237,0.178304,0.281443,0.368905,0.417785,0.487721,0.548054,0.624064,0.711525,0.847868,1.069823
238,0.124802,0.196993,0.258211,0.292424,0.341375,0.383604,0.436807,0.498024,0.593456,0.748811
239,0.187016,0.295195,0.386930,0.438199,0.511552,0.574833,0.654557,0.746292,0.889297,1.122098
240,0.141767,0.223772,0.293311,0.332176,0.387781,0.435751,0.496185,0.565725,0.674129,0.850603
241,0.128184,0.202331,0.265208,0.300349,0.350626,0.394000,0.448644,0.511521,0.609538,0.769104
242,0.137577,0.217158,0.284642,0.322358,0.376319,0.422871,0.481520,0.549004,0.654204,0.825462
243,0.139714,0.220531,0.289064,0.327365,0.382165,0.429440,0.488999,0.557532,0.664366,0.838284
244,0.156658,0.247276,0.324119,0.367066,0.428512,0.481520,0.548302,0.625146,0.744936,0.939947
245,0.172930,0.272961,0.357787,0.405194,0.473022,0.531537,0.605256,0.690082,0.822315,1.037582
246,0.139161,0.219657,0.287919,0.326068,0.380651,0.427739,0.487062,0.555323,0.661734,0.834964
247,0.174750,0.275833,0.361551,0.409458,0.477999,0.537129,0.611624,0.697342,0.830967,1.048498
248,0.168949,0.266677,0.349550,0.395867,0.462133,0.519300,0.591322,0.674195,0.803385,1.013696
249,0.182011,0.287295,0.376575,0.426472,0.497862,0.559449,0.637039,0.726319,0.865496,1.092067
250,0.106764,0.168521,0.220890,0.250159,0.292034,0.328160,0.373673,0.426042,0.507681,0.640582
251,0.193319,0.305144,0.399971,0.452968,0.528793,0.594206,0.676617,0.771444,0.919268,1.159914
252,0.157566,0.248710,0.325999,0.369195,0.430997,0.484312,0.551482,0.628771,0.749256,0.945397
253,0.108349,0.171023,0.224170,0.253873,0.296370,0.333032,0.379221,0.432368,0.515219,0.650093
254,0.110537,0.174477,0.228698,0.259001,0.302357,0.339759,0.386881,0.441102,0.525626,0.663224
255,0.132887,0.209755,0.274939,0.311369,0.363491,0.408456,0.465105,0.530288,0.631902,0.797322
256,0.142632,0.225137,0.295102,0.334203,0.390148,0.438410,0.499213,0.569177,0.678243,0.855794
257,0.194437,0.306908,0.402283,0.455587,0.531850,0.597642,0.680529,0.775904,0.924583,1.166621
258,0.166116,0.262204,0.343688,0.389227,0.454382,0.510591,0.581405,0.662888,0.789910,0.996694
259,0.164988,0.260425,0.341355,0.386586,0.451299,0.507126,0.577459,0.658390,0.784550,0.989930
260,0.142784,0.225377,0.295415,0.334559,0.390563,0.438876,0.499744,0.569783,0.678965,0.856705
261,0.170401,0.268969,0.352554,0.399268,0.466104,0.523762,0.596403,0.679988,0.810288,1.022406
262,0.193953,0.306144,0.401281,0.454452,0.530525,0.596153,0.678834,0.773971,0.922280,1.163715
263,0.109731,0.173205,0.227030,0.257112,0.300152,0.337281,0.384059,0.437884,0.521792,0.658387
264,0.109445,0.172753,0.226437,0.256441,0.299368,0.336401,0.383057,0.436742,0.520430,0.656669
265,0.107047,0.168968,0.221476,0.250822,0.292809,0.329030,0.374664,0.427173,0.509027,0.642281
266,0.127693,0.201556,0.264192,0.299199,0.349283,0.392491,0.446925,0.509561,0.607204,0.766158
267,0.154626,0.244068,0.319916,0.362305,0.422954,0.475274,0.541190,0.617038,0.735274,0.927755
268,0.178746,0.282140,0.369819,0.418821,0.488930,0.549412,0.625610,0.713288,0.849968,1.072474
269,0.145523,0.229700,0.301082,0.340977,0.398055,0.447295,0.509331,0.580713,0.691989,0.873139
270,0.146290,0.230911,0.302669,0.342773,0.400152,0.449652,0.512014,0.583772,0.695635,0.877739
271,0.172298,0.271963,0.356478,0.403713,0.471293,0.529593,0.603042,0.687558,0.819308,1.033787
272,0.147736,0.233193,0.305660,0.346160,0.404106,0.454096,0.517074,0.589542,0.702510,0.886413
273,0.114319,0.180446,0.236521,0.267861,0.312700,0.351381,0.400115,0.456190,0.543606,0.685911
274,0.191310,0.301972,0.395813,0.448260,0.523297,0.588030,0.669584,0.763426,0.909713,1.147859
275,0.144136,0.227511,0.298213,0.337727,0.394262,0.443033,0.504477,0.575179,0.685395,0.864819
276,0.141377,0.223156,0.292504,0.331261,0.386713,0.434551,0.494819,0.564167,0.672273,0.848261
277,0.133003,0.209938,0.275178,0.311640,0.363808,0.408812,0.465510,0.530751,0.632453,0.798017
278,0.169018,0.266786,0.349692,0.396028,0.462321,0.519511,0.591563,0.674470,0.803711,1.014108
279,0.154901,0.244504,0.320486,0.362951,0.423708,0.476122,0.542155,0.618138,0.736585,0.929409
280,0.116261,0.183511,0.240540,0.272412,0.318013,0.357352,0.406913,0.463941,0.552842,0.697565
281,0.113305,0.178846,0.234424,0.265486,0.309927,0.348266,0.396568,0.452146,0.538786,0.679830
282,0.158851,0.250738,0.328658,0.372206,0.434512,0.488262,0.555980,0.633899,0.755367,0.953108
283,0.174171,0.274919,0.360354,0.408101,0.476416,0.535350,0.609598,0.695032,0.828215,1.045025
284,0.127598,0.201407,0.263996,0.298976,0.349024,0.392199,0.446594,0.509183,0.606753,0.765589
285,0.157212,0.248150,0.325265,0.368364,0.430027,0.483222,0.550241,0.627356,0.747570,0.943270
286,0.129038,0.203679,0.266975,0.302350,0.352962,0.396624,0.451633,0.514928,0.613599,0.774227
287,0.192969,0.304591,0.399246,0.452147,0.527835,0.593129,0.675391,0.770046,0.917602,1.157813
288,0.148118,0.233797,0.306452,0.347057,0.405153,0.455272,0.518414,0.591069,0.704330,0.888710
289,0.152071,0.240036,0.314630,0.356320,0.415966,0.467422,0.532250,0.606844,0.723127,0.912428
290,0.116132,0.183309,0.240274,0.272111,0.317661,0.356957,0.406464,0.463429,0.552231,0.696795
291,0.189896,0.299740,0.392888,0.444947,0.519429,0.583684,0.664636,0.757784,0.902990,1.139376
292,0.166838,0.263345,0.345182,0.390920,0.456358,0.512811,0.583933,0.665771,0.793346,1.001029
293,0.105390,0.166353,0.218048,0.246940,0.288277,0.323938,0.368865,0.420561,0.501149,0.632341
294,0.138285,0.218276,0.286108,0.324018,0.378257,0.425048,0.483999,0.551830,0.657572,0.829712
295,0.109739,0.173217,0.227047,0.257131,0.300174,0.337306,0.384088,0.437917,0.521830,0.658436
296,0.168232,0.265544,0.348065,0.394185,0.460170,0.517095,0.588811,0.671332,0.799972,1.009390
297,0.188679,0.297820,0.390371,0.442096,0.516101,0.579945,0.660378,0.752928,0.897205,1.132076
298,0.105270,0.166164,0.217801,0.246660,0.287950,0.323570,0.368446,0.420084,0.500580,0.631622
299,0.121136,0.191207,0.250627,0.283836,0.331349,0.372337,0.423977,0.483397,0.576025,0.726818
300,0.154015,0.243104,0.318651,0.360873,0.421282,0.473395,0.539051,0.614598,0.732367,0.924087
301,0.175613,0.277196,0.363337,0.411481,0.480361,0.539783,0.614646,0.700787,0.835072,1.053678
302,0.142425,0.224810,0.294672,0.333717,0.389580,0.437772,0.498487,0.568349,0.677256,0.854549
303,0.119208,0.188164,0.246638,0.279318,0.326075,0.366412,0.417229,0.475704,0.566858,0.715250
304,0.137242,0.216630,0.283950,0.321574,0.375404,0.421842,0.480348,0.547668,0.652612,0.823454
305,0.176430,0.278484,0.365027,0.413394,0.482594,0.542292,0.617503,0.704046,0.838955,1.058577
306,0.164640,0.259875,0.340634,0.385769,0.450345,0.506054,0.576239,0.656998,0.782892,0.987839
307,0.121862,0.192352,0.252128,0.285535,0.333333,0.374567,0.426516,0.486292,0.579475,0.731171
308,0.110167,0.173892,0.227931,0.258133,0.301343,0.338620,0.385583,0.439622,0.523863,0.661000
309,0.145956,0.230384,0.301978,0.341991,0.399240,0.448627,0.510847,0.582441,0.694049,0.875738
310,0.153407,0.242144,0.317393,0.359449,0.419619,0.471527,0.536924,0.612173,0.729478,0.920441
311,0.189763,0.299530,0.392612,0.444634,0.519065,0.583274,0.664169,0.757251,0.902356,1.138576
312,0.128531,0.202879,0.265926,0.301162,0.351575,0.395066,0.449858,0.512905,0.611188,0.771186
313,0.183930,0.290324,0.380545,0.430968,0.503111,0.565347,0.643755,0.733977,0.874621,1.103580
314,0.181149,0.285934,0.374791,0.424452,0.495504,0.556799,0.634022,0.722879,0.861397,1.086894
315,0.169926,0.268220,0.351572,0.398156,0.464806,0.522304,0.594742,0.678095,0.808031,1.019558
316,0.180392,0.284739,0.373225,0.422679,0.493434,0.554473,0.631373,0.719859,0.857798,1.082354
317,0.149806,0.236460,0.309943,0.351011,0.409769,0.460459,0.524320,0.597803,0.712354,0.898835
318,0.150541,0.237620,0.311464,0.352733,0.411779,0.462718,0.526892,0.600736,0.715849,0.903244
319,0.128529,0.202877,0.265923,0.301158,0.351571,0.395061,0.449853,0.512899,0.611181,0.771176
320,0.130923,0.206655,0.270876,0.306767,0.358119,0.402419,0.458231,0.522452,0.622564,0.785539
321,0.124551,0.196598,0.257693,0.291838,0.340690,0.382834,0.435930,0.497025,0.592265,0.747308
322,0.118019,0.186287,0.244177,0.276531,0.322822,0.362756,0.413067,0.470957,0.561202,0.708114
323,0.126527,0.199716,0.261780,0.296466,0.346094,0.388907,0.442844,0.504908,0.601659,0.759162
324,0.129986,0.205176,0.268937,0.304572,0.355556,0.399539,0.454952,0.518713,0.618108,0.779917
325,0.108811,0.171751,0.225125,0.254955,0.297633,0.334452,0.380837,0.434211,0.517414,0.652863
326,0.152739,0.241091,0.316012,0.357885,0.417793,0.469475,0.534587,0.609509,0.726303,0.916435
327,0.124273,0.196159,0.257117,0.291186,0.339929,0.381979,0.434956,0.495915,0.590942,0.745639
328,0.179721,0.283679,0.371836,0.421105,0.491597,0.552409,0.629023,0.717179,0.854605,1.078325
329,0.106043,0.167383,0.219400,0.248471,0.290064,0.325946,0.371151,0.423168,0.504255,0.636259
330,0.123753,0.195337,0.256040,0.289967,0.338506,0.380380,0.433135,0.493838,0.588468,0.742517
331,0.148270,0.234036,0.306765,0.347412,0.405567,0.455737,0.518944,0.591673,0.705049,0.889618
332,0.107608,0.169854,0.222638,0.252138,0.294345,0.330757,0.376630,0.429414,0.511698,0.645651
333,0.187599,0.296115,0.388136,0.439565,0.513146,0.576624,0.656596,0.748618,0.892068,1.125594
334,0.184312,0.290926,0.381334,0.431862,0.504154,0.566520,0.645091,0.735499,0.876435,1.105870
335,0.194551,0.307088,0.402520,0.455854,0.532163,0.597993,0.680929,0.776360,0.925126,1.167307
336,0.121599,0.191938,0.251585,0.284921,0.332615,0.373761,0.425598,0.485245,0.578228,0.729597
337,0.169510,0.267562,0.350710,0.397180,0.463666,0.521023,0.593284,0.676432,0.806050,1.017058
338,0.110337,0.174160,0.228283,0.258531,0.301808,0.339142,0.386178,0.440300,0.524671,0.662019
339,0.189118,0.298512,0.391279,0.443124,0.517301,0.581293,0.661913,0.754679,0.899291,1.134708
340,0.134192,0.211815,0.277639,0.314427,0.367061,0.412468,0.469673,0.535497,0.638109,0.805154
341,0.168971,0.266712,0.349595,0.395918,0.462193,0.519367,0.591399,0.674283,0.803489,1.013827
342,0.154893,0.244491,0.320469,0.362932,0.423686,0.476097,0.542127,0.618105,0.736547,0.929361
