; Depths for Baltic example — Sysa
; depth_base/vel_base are real published means; per-flow scaling is synthetic
; CELL DEPTHS IN METERS
10,Number of flows in table,,,,,,,,,,,,,,,,,,
,0.5,1.0,1.8,2.5,4.0,6.0,10.0,18.0,45.0,200.0
1,2.756689,3.017623,3.238893,3.362558,3.539490,3.692126,3.884425,4.105696,4.450632,5.012162
2,2.508365,2.745794,2.947133,3.059658,3.220651,3.359538,3.534515,3.735854,4.049717,4.560664
3,2.180113,2.386471,2.561461,2.659261,2.799186,2.919898,3.071977,3.246968,3.519758,3.963841
4,2.722568,2.980272,3.198804,3.320938,3.495680,3.646427,3.836346,4.054878,4.395544,4.950124
5,2.431617,2.661781,2.856959,2.966041,3.122109,3.256746,3.426369,3.621547,3.925808,4.421121
6,1.669072,1.827057,1.961029,2.035903,2.143029,2.235444,2.351874,2.485845,2.694691,3.034676
7,1.649747,1.805903,1.938323,2.012330,2.118215,2.209561,2.324643,2.457063,2.663490,2.999539
8,1.899152,2.078916,2.231355,2.316550,2.438443,2.543598,2.676078,2.828517,3.066151,3.453004
9,2.565442,2.808273,3.014193,3.129279,3.293936,3.435983,3.614941,3.820861,4.141867,4.664440
10,1.992120,2.180683,2.340585,2.429951,2.557810,2.668113,2.807078,2.966979,3.216246,3.622036
11,2.291284,2.508165,2.692079,2.794866,2.941927,3.068794,3.228628,3.412542,3.699243,4.165971
12,2.122747,2.323675,2.494062,2.589288,2.725531,2.843067,2.991144,3.161530,3.427142,3.859540
13,1.897356,2.076950,2.229245,2.314360,2.436137,2.541193,2.673547,2.825842,3.063252,3.449739
14,2.443146,2.674401,2.870505,2.980104,3.136912,3.272188,3.442615,3.638719,3.944421,4.442084
15,1.570320,1.718958,1.845003,1.915448,2.016235,2.103183,2.212724,2.338769,2.535258,2.855128
16,2.199701,2.407913,2.584476,2.683154,2.824337,2.946133,3.099578,3.276141,3.551383,3.999455
17,2.663819,2.915962,3.129778,3.249277,3.420248,3.567742,3.753563,3.967379,4.300694,4.843307
18,2.479368,2.714052,2.913064,3.024288,3.183420,3.320702,3.493656,3.692667,4.002902,4.507943
19,2.079013,2.275802,2.442678,2.535942,2.669379,2.784493,2.929519,3.096395,3.356535,3.780024
20,1.584349,1.734315,1.861486,1.932560,2.034248,2.121972,2.232492,2.359663,2.557907,2.880635
21,2.705193,2.961253,3.178390,3.299745,3.473371,3.623157,3.811864,4.029001,4.367493,4.918534
22,2.283870,2.500049,2.683368,2.785822,2.932407,3.058864,3.218180,3.401499,3.687273,4.152491
23,1.649353,1.805472,1.937860,2.011850,2.117710,2.209034,2.324088,2.456477,2.662855,2.998823
24,2.508935,2.746417,2.947802,3.060352,3.221382,3.360301,3.535317,3.736702,4.050636,4.561700
25,2.016677,2.207565,2.369438,2.459906,2.589341,2.701004,2.841682,3.003554,3.255894,3.666686
26,2.688912,2.943431,3.159261,3.279886,3.452467,3.601351,3.788922,4.004753,4.341208,4.888932
27,2.720476,2.977981,3.196346,3.318386,3.492993,3.643625,3.833397,4.051762,4.392166,4.946319
28,1.550536,1.697301,1.821758,1.891315,1.990832,2.076685,2.184846,2.309302,2.503316,2.819156
29,1.867387,2.044144,2.194033,2.277804,2.397658,2.501054,2.631318,2.781207,3.014867,3.395249
30,1.698407,1.859169,1.995495,2.071685,2.180693,2.274733,2.393209,2.529535,2.742051,3.088012
31,2.668221,2.920781,3.134951,3.254647,3.425901,3.573639,3.759766,3.973936,4.307802,4.851311
32,2.803420,3.068777,3.293799,3.419560,3.599491,3.754715,3.950274,4.175296,4.526079,5.097128
33,2.195130,2.402909,2.579105,2.677578,2.818468,2.940011,3.093137,3.269333,3.544003,3.991145
34,2.046971,2.240726,2.405030,2.496857,2.628237,2.741576,2.884368,3.048672,3.304802,3.721765
35,1.606007,1.758023,1.886932,1.958977,2.062055,2.150979,2.263009,2.391918,2.592873,2.920012
36,1.922195,2.104140,2.258429,2.344658,2.468030,2.574461,2.708548,2.862836,3.103354,3.494900
37,2.302612,2.520565,2.705389,2.808684,2.956471,3.083966,3.244590,3.429413,3.717532,4.186568
38,2.535715,2.775733,2.979267,3.093018,3.255767,3.396169,3.573053,3.776587,4.093873,4.610391
39,2.371048,2.595479,2.785796,2.892160,3.044341,3.175624,3.341022,3.531339,3.828020,4.310996
40,1.902018,2.082053,2.234722,2.320047,2.442123,2.547437,2.680117,2.832786,3.070779,3.458215
41,2.330715,2.551329,2.738408,2.842964,2.992555,3.121606,3.284190,3.471269,3.762904,4.237664
42,2.221963,2.432282,2.610632,2.710309,2.852921,2.975950,3.130948,3.309298,3.587325,4.039932
43,1.956725,2.141938,2.298998,2.386776,2.512364,2.620707,2.757203,2.914263,3.159102,3.557681
44,1.848847,2.023849,2.172251,2.255190,2.373854,2.476223,2.605194,2.753595,2.984935,3.361540
45,1.878633,2.056455,2.207247,2.291522,2.412098,2.516117,2.647165,2.797957,3.033025,3.415697
46,2.647969,2.898612,3.111156,3.229943,3.399897,3.546514,3.731229,3.943773,4.275105,4.814489
47,2.399004,2.626081,2.818642,2.926261,3.080235,3.213067,3.380415,3.572975,3.873155,4.361826
48,1.545875,1.692199,1.816282,1.885630,1.984848,2.070442,2.178278,2.302361,2.495791,2.810682
49,2.788985,3.052976,3.276839,3.401952,3.580957,3.735382,3.929934,4.153797,4.502773,5.070882
50,2.049204,2.243171,2.407655,2.499582,2.631105,2.744568,2.887515,3.051999,3.308409,3.725826
51,2.571388,2.814783,3.021180,3.136532,3.301571,3.443947,3.623320,3.829718,4.151467,4.675252
52,2.297885,2.515390,2.699835,2.802917,2.950402,3.077634,3.237929,3.422373,3.709899,4.177972
53,2.234775,2.446307,2.625686,2.725937,2.869371,2.993110,3.149001,3.328380,3.608010,4.063228
54,1.551403,1.698250,1.822777,1.892372,1.991945,2.077846,2.186067,2.310594,2.504716,2.820732
55,1.839477,2.013593,2.161242,2.243761,2.361823,2.463674,2.591991,2.739640,2.969808,3.344505
56,2.458671,2.691396,2.888745,2.999041,3.156845,3.292980,3.464491,3.661840,3.969486,4.470310
57,2.673702,2.926781,3.141390,3.261332,3.432938,3.580979,3.767489,3.982099,4.316651,4.861277
58,2.247599,2.460344,2.640752,2.741579,2.885836,3.010284,3.167071,3.347479,3.628713,4.086543
59,1.790617,1.960107,2.103835,2.184161,2.299088,2.398233,2.523142,2.666869,2.890923,3.255667
60,2.566456,2.809383,3.015384,3.130515,3.295237,3.437341,3.616370,3.822371,4.143503,4.666283
61,2.064725,2.260161,2.425890,2.518514,2.651033,2.765356,2.909386,3.075115,3.333467,3.754046
62,2.201128,2.409475,2.586153,2.684895,2.826169,2.948045,3.101589,3.278267,3.553687,4.002051
63,1.807539,1.978631,2.123717,2.204803,2.320816,2.420898,2.546987,2.692073,2.918244,3.286435
64,1.767538,1.934843,2.076718,2.156010,2.269455,2.367323,2.490621,2.632496,2.853662,3.213705
65,2.456200,2.688691,2.885843,2.996028,3.153673,3.289672,3.461010,3.658161,3.965498,4.465819
66,1.952366,2.137167,2.293877,2.381460,2.506768,2.614869,2.751061,2.907771,3.152065,3.549756
67,2.241958,2.454170,2.634125,2.734699,2.878594,3.002730,3.159123,3.339078,3.619607,4.076287
68,1.752346,1.918214,2.058870,2.137480,2.249950,2.346976,2.469215,2.609871,2.829136,3.186084
69,2.085598,2.283009,2.450414,2.543973,2.677833,2.793311,2.938797,3.106201,3.367165,3.791996
70,2.786080,3.049796,3.273426,3.398409,3.577227,3.731491,3.925840,4.149470,4.498084,5.065601
71,2.660595,2.912433,3.125991,3.245345,3.416109,3.563425,3.749021,3.962579,4.295490,4.837446
72,2.124468,2.325559,2.496084,2.591387,2.727741,2.845372,2.993569,3.164094,3.429922,3.862670
73,2.667890,2.920418,3.134561,3.254242,3.425475,3.573194,3.759299,3.973442,4.307267,4.850709
74,2.560533,2.802899,3.008425,3.123290,3.287632,3.429407,3.608023,3.813549,4.133940,4.655514
75,2.029398,2.221491,2.384384,2.475423,2.605675,2.718042,2.859607,3.022500,3.276432,3.689815
76,2.264966,2.479355,2.661157,2.762763,2.908135,3.033545,3.191542,3.373344,3.656752,4.118119
77,2.383389,2.608988,2.800295,2.907213,3.060186,3.192153,3.358411,3.549719,3.847944,4.333434
78,2.218521,2.428514,2.606588,2.706111,2.848501,2.971340,3.126098,3.304172,3.581768,4.033675
79,2.785581,3.049249,3.272839,3.397800,3.576586,3.730822,3.925137,4.148727,4.497277,5.064692
80,2.017836,2.208834,2.370800,2.461319,2.590830,2.702556,2.843315,3.005280,3.257766,3.668793
81,2.710320,2.966864,3.184413,3.305998,3.479953,3.630022,3.819087,4.036636,4.375769,4.927854
82,2.797648,3.062459,3.287018,3.412520,3.592080,3.746985,3.942141,4.166700,4.516760,5.086634
83,2.701152,2.956829,3.173642,3.294815,3.468182,3.617743,3.806168,4.022982,4.360968,4.911185
84,2.760010,3.021258,3.242796,3.366609,3.543754,3.696575,3.889106,4.110643,4.455994,5.018201
85,2.772962,3.035436,3.258013,3.382408,3.560384,3.713922,3.907356,4.129933,4.476905,5.041750
86,2.414281,2.642804,2.836591,2.944895,3.099850,3.233527,3.401941,3.595728,3.897819,4.389601
87,2.099496,2.298223,2.466743,2.560926,2.695677,2.811925,2.958380,3.126900,3.389603,3.817265
88,2.671877,2.924783,3.139247,3.259107,3.430595,3.578535,3.764918,3.979382,4.313705,4.857959
89,2.019291,2.210426,2.372509,2.463094,2.592697,2.704504,2.845365,3.007447,3.260114,3.671438
90,2.763372,3.024938,3.246745,3.370709,3.548070,3.701076,3.893842,4.115649,4.461421,5.024312
91,2.500715,2.737419,2.938144,3.050325,3.210828,3.349291,3.523734,3.724459,4.037365,4.546754
92,2.778538,3.041540,3.264565,3.389209,3.567543,3.721390,3.915213,4.138238,4.485907,5.051888
93,2.381848,2.607301,2.798484,2.905334,3.058207,3.190089,3.356240,3.547423,3.845456,4.330632
94,2.218496,2.428487,2.606559,2.706080,2.848469,2.971306,3.126062,3.304134,3.581727,4.033629
95,1.743584,1.908622,2.048574,2.126791,2.238699,2.335241,2.456868,2.596820,2.814989,3.170153
96,1.965819,2.151893,2.309683,2.397870,2.524041,2.632888,2.770018,2.927808,3.173785,3.574216
97,2.098257,2.296867,2.465287,2.559415,2.694087,2.810266,2.956635,3.125055,3.387603,3.815012
98,1.709838,1.871682,2.008926,2.085629,2.195371,2.290044,2.409317,2.546561,2.760507,3.108796
99,2.242342,2.454590,2.634576,2.735167,2.879086,3.003243,3.159663,3.339649,3.620226,4.076985
100,1.965561,2.151610,2.309380,2.397554,2.523710,2.632542,2.769654,2.927423,3.173367,3.573747
101,2.737770,2.996913,3.216665,3.339481,3.515199,3.666787,3.857767,4.077519,4.420087,4.977764
102,2.624110,2.872495,3.083124,3.200841,3.369263,3.514559,3.697610,3.908239,4.236585,4.771109
103,1.899521,2.079320,2.231788,2.317000,2.438917,2.544092,2.676598,2.829066,3.066747,3.453675
104,2.013057,2.203602,2.365184,2.455490,2.584693,2.696155,2.836580,2.998162,3.250049,3.660104
105,1.991790,2.180323,2.340198,2.429549,2.557388,2.667672,2.806614,2.966489,3.215715,3.621437
106,2.351647,2.574242,2.763001,2.868496,3.019431,3.149640,3.313685,3.502444,3.796698,4.275723
107,2.499129,2.735683,2.936281,3.048391,3.208792,3.347167,3.521500,3.722097,4.034805,4.543871
108,2.364321,2.588116,2.777892,2.883955,3.035704,3.166615,3.331544,3.521321,3.817160,4.298766
109,2.789210,3.053222,3.277104,3.402227,3.581246,3.735683,3.930251,4.154132,4.503137,5.071292
110,2.669547,2.922233,3.136509,3.256264,3.427603,3.575414,3.761635,3.975911,4.309943,4.853722
111,2.261348,2.475395,2.656906,2.758350,2.903489,3.028699,3.186444,3.367956,3.650911,4.111541
112,2.304170,2.522271,2.707220,2.810584,2.958472,3.086053,3.246785,3.431734,3.720047,4.189401
113,2.730455,2.988906,3.208071,3.330559,3.505807,3.656991,3.847460,4.066625,4.408278,4.964464
114,2.387391,2.613369,2.804998,2.912096,3.065325,3.197513,3.364051,3.555680,3.854406,4.340711
115,2.483443,2.718513,2.917851,3.029258,3.188652,3.326159,3.499397,3.698736,4.009481,4.515351
116,2.019070,2.210185,2.372249,2.462824,2.592414,2.704209,2.845053,3.007118,3.259758,3.671037
117,2.405724,2.633438,2.826538,2.934458,3.088864,3.222068,3.389884,3.582984,3.884005,4.374044
118,2.466161,2.699595,2.897546,3.008178,3.166463,3.303013,3.475046,3.672997,3.981579,4.483930
119,2.570469,2.813776,3.020100,3.135411,3.300390,3.442716,3.622025,3.828348,4.149983,4.673580
120,2.361265,2.584770,2.774302,2.880228,3.031780,3.162522,3.327238,3.516769,3.812226,4.293210
121,1.784974,1.953930,2.097204,2.177278,2.291843,2.390676,2.515190,2.658465,2.881813,3.245407
122,2.400510,2.627730,2.820411,2.928098,3.082169,3.215084,3.382537,3.575219,3.875587,4.364564
123,1.616666,1.769691,1.899456,1.971979,2.075741,2.165255,2.278030,2.407794,2.610082,2.939393
124,2.454401,2.686721,2.883729,2.993833,3.151363,3.287262,3.458474,3.655481,3.962592,4.462547
125,2.738224,2.997409,3.217198,3.340034,3.515781,3.667395,3.858406,4.078195,4.420820,4.978588
126,1.936803,2.120131,2.275592,2.362477,2.486786,2.594026,2.729132,2.884593,3.126939,3.521461
127,1.889099,2.067911,2.219543,2.304287,2.425535,2.530133,2.661912,2.813544,3.049920,3.434725
128,2.299977,2.517681,2.702293,2.805469,2.953088,3.080437,3.240877,3.425489,3.713278,4.181777
129,1.817655,1.989705,2.135602,2.217142,2.333804,2.434447,2.561241,2.707139,2.934576,3.304828
130,2.712705,2.969475,3.187216,3.308907,3.483016,3.633217,3.822448,4.040189,4.379621,4.932191
131,2.259385,2.473246,2.654600,2.755956,2.900969,3.026070,3.183679,3.365033,3.647742,4.107972
132,2.801587,3.066771,3.291645,3.417324,3.597137,3.752260,3.947691,4.172566,4.523119,5.093795
133,1.618864,1.772097,1.902039,1.974661,2.078564,2.168199,2.281127,2.411068,2.613631,2.943389
134,2.057913,2.252704,2.417887,2.510204,2.642287,2.756232,2.899787,3.064969,3.322469,3.741661
135,2.612238,2.859499,3.069175,3.186360,3.354021,3.498659,3.680881,3.890558,4.217419,4.749524
136,2.290124,2.506895,2.690716,2.793451,2.940437,3.067240,3.226993,3.410814,3.697370,4.163862
137,2.794730,3.059264,3.283589,3.408960,3.588333,3.743076,3.938029,4.162353,4.512049,5.081327
138,1.632402,1.786917,1.917945,1.991174,2.095946,2.186331,2.300203,2.431231,2.635488,2.968004
139,2.186659,2.393637,2.569153,2.667246,2.807592,2.928666,3.081201,3.256718,3.530327,3.975744
140,2.737353,2.996456,3.216175,3.338972,3.514663,3.666229,3.857179,4.076898,4.419414,4.977005
141,2.758038,3.019099,3.240478,3.364203,3.541221,3.693933,3.886326,4.107705,4.452809,5.014614
142,2.060063,2.255057,2.420412,2.512826,2.645047,2.759111,2.902816,3.068170,3.325939,3.745568
143,2.170939,2.376428,2.550683,2.648071,2.787408,2.907611,3.059050,3.233305,3.504947,3.947161
144,2.760488,3.021781,3.243357,3.367192,3.544367,3.697214,3.889778,4.111354,4.456765,5.019068
145,2.466915,2.700420,2.898431,3.009097,3.167430,3.304022,3.476107,3.674119,3.982796,4.485299
146,2.772354,3.034771,3.257299,3.381667,3.559604,3.713108,3.906499,4.129028,4.475923,5.040644
147,1.683501,1.842852,1.977982,2.053503,2.161555,2.254770,2.372206,2.507335,2.717986,3.060911
148,2.408647,2.636636,2.829971,2.938023,3.092616,3.225981,3.394002,3.587337,3.888723,4.379358
149,2.389382,2.615548,2.807336,2.914524,3.067881,3.200179,3.366856,3.558645,3.857620,4.344331
150,2.376189,2.601107,2.791836,2.898432,3.050942,3.182510,3.348267,3.538996,3.836321,4.320344
151,1.947674,2.132031,2.288365,2.375737,2.500744,2.608586,2.744450,2.900784,3.144490,3.541226
152,2.098639,2.297286,2.465737,2.559882,2.694578,2.810778,2.957174,3.125625,3.388221,3.815708
153,2.277268,2.492822,2.675611,2.777769,2.923930,3.050021,3.208877,3.391666,3.676614,4.140487
154,2.115857,2.316133,2.485966,2.580883,2.716684,2.833838,2.981435,3.151268,3.416018,3.847012
155,2.249448,2.462369,2.642925,2.743835,2.888211,3.012761,3.169677,3.350233,3.631699,4.089905
156,2.753251,3.013859,3.234854,3.358365,3.535076,3.687522,3.879581,4.100576,4.445082,5.005911
157,2.381552,2.606978,2.798137,2.904973,3.057828,3.189693,3.355824,3.546984,3.844979,4.330095
158,2.107096,2.306543,2.475673,2.570197,2.705436,2.822105,2.969090,3.138220,3.401874,3.831084
159,1.575182,1.724281,1.850716,1.921378,2.022477,2.109694,2.219575,2.346010,2.543107,2.863968
160,1.791796,1.961398,2.105220,2.185600,2.300602,2.399813,2.524804,2.668626,2.892827,3.257811
161,1.921124,2.102968,2.257170,2.343352,2.466655,2.573026,2.707039,2.861241,3.101625,3.492953
162,2.056644,2.251315,2.416396,2.508656,2.640657,2.754532,2.897998,3.063079,3.320420,3.739353
163,2.027988,2.219947,2.382727,2.473703,2.603864,2.716153,2.857620,3.020400,3.274156,3.687252
164,2.595779,2.841481,3.049836,3.166283,3.332887,3.476613,3.657688,3.866043,4.190844,4.719597
165,2.386189,2.612053,2.803585,2.910630,3.063782,3.195904,3.362358,3.553890,3.852466,4.338526
166,2.712562,2.969318,3.187047,3.308732,3.482832,3.633025,3.822246,4.039975,4.379389,4.931930
167,1.991403,2.179898,2.339742,2.429076,2.556890,2.667153,2.806068,2.965911,3.215089,3.620732
168,2.400818,2.628067,2.820773,2.928473,3.082564,3.215496,3.382971,3.575677,3.876084,4.365124
169,2.415680,2.644335,2.838235,2.946602,3.101646,3.235401,3.403913,3.597812,3.900078,4.392145
170,1.719138,1.881862,2.019852,2.096972,2.207311,2.302499,2.422421,2.560411,2.775521,3.125705
171,1.948506,2.132941,2.289342,2.376752,2.501812,2.609700,2.745622,2.902023,3.145833,3.542738
172,2.518580,2.756976,2.959135,3.072118,3.233767,3.373220,3.548909,3.751068,4.066209,4.579237
173,2.464546,2.697827,2.895649,3.006208,3.164389,3.300850,3.472770,3.670591,3.978972,4.480993
174,2.632087,2.881226,3.092495,3.210570,3.379505,3.525242,3.708849,3.920119,4.249463,4.785612
175,1.818032,1.990117,2.136045,2.217601,2.334288,2.434951,2.561772,2.707700,2.935184,3.305512
176,2.726111,2.984150,3.202967,3.325260,3.500229,3.651172,3.841338,4.060155,4.401264,4.956565
177,1.681760,1.840946,1.975936,2.051380,2.159319,2.252438,2.369753,2.504742,2.715175,3.057745
178,2.518622,2.757022,2.959184,3.072169,3.233821,3.373276,3.548968,3.751130,4.066277,4.579313
179,2.596248,2.841995,3.050388,3.166855,3.333490,3.477243,3.658350,3.866743,4.191603,4.720451
180,2.753874,3.014541,3.235586,3.359124,3.535875,3.688356,3.880459,4.101504,4.446087,5.007044
181,1.992109,2.180672,2.340572,2.429938,2.557797,2.668099,2.807063,2.966963,3.216229,3.622017
182,2.706597,2.962790,3.180040,3.301457,3.475174,3.625037,3.813842,4.031092,4.369760,4.921086
183,2.582769,2.827241,3.034552,3.150414,3.316183,3.459190,3.639357,3.846668,4.169841,4.695944
184,2.547282,2.788394,2.992856,3.107127,3.270618,3.411660,3.589351,3.793814,4.112547,4.631421
185,2.398121,2.625114,2.817604,2.925183,3.079101,3.211884,3.379170,3.571660,3.871729,4.360220
186,2.102404,2.301406,2.470160,2.564473,2.699411,2.815820,2.962478,3.131232,3.394299,3.822553
187,2.514049,2.752015,2.953810,3.066590,3.227948,3.367150,3.542523,3.744318,4.058893,4.570997
188,1.910702,2.091559,2.244926,2.330639,2.453274,2.559068,2.692353,2.845720,3.084800,3.474005
189,2.562606,2.805168,3.010861,3.125819,3.290294,3.432184,3.610944,3.816637,4.137287,4.659283
190,2.835283,3.103656,3.331235,3.458425,3.640401,3.797390,3.995171,4.222751,4.577520,5.155060
191,1.578522,1.727936,1.854639,1.925451,2.026765,2.114167,2.224280,2.350984,2.548499,2.870039
192,2.062815,2.258071,2.423646,2.516184,2.648581,2.762798,2.906694,3.072270,3.330384,3.750573
193,2.462524,2.695614,2.893273,3.003742,3.161793,3.298142,3.469921,3.667580,3.975708,4.477317
194,1.758983,1.925479,2.066667,2.145574,2.258471,2.355865,2.478566,2.619755,2.839850,3.198150
195,2.800881,3.065998,3.290816,3.416463,3.596231,3.751315,3.946696,4.171514,4.521980,5.092511
196,2.171578,2.377128,2.551434,2.648850,2.788228,2.908467,3.059950,3.234256,3.505979,3.948323
197,2.304242,2.522349,2.707303,2.810671,2.958564,3.086148,3.246886,3.431840,3.720163,4.189530
198,2.094385,2.292629,2.460738,2.554692,2.689116,2.805081,2.951179,3.119289,3.381353,3.807973
199,2.296979,2.514399,2.698771,2.801813,2.949239,3.076422,3.236653,3.421024,3.708438,4.176326
200,1.955883,2.141017,2.298010,2.385750,2.511284,2.619580,2.756017,2.913010,3.157744,3.556152
201,1.792484,1.962151,2.106028,2.186439,2.301485,2.400734,2.525773,2.669650,2.893938,3.259062
202,2.514657,2.752682,2.954525,3.067332,3.228730,3.367965,3.543381,3.745225,4.059875,4.572104
203,2.527292,2.766512,2.969370,3.082744,3.244953,3.384888,3.561185,3.764043,4.080274,4.595077
204,1.736157,1.900492,2.039848,2.117732,2.229163,2.325293,2.446403,2.585759,2.802998,3.156649
205,2.158597,2.362918,2.536182,2.633016,2.771561,2.891081,3.041659,3.214923,3.485021,3.924721
206,2.236825,2.448551,2.628094,2.728438,2.872003,2.995855,3.151890,3.331433,3.611320,4.066955
207,2.446191,2.677735,2.874083,2.983819,3.140822,3.276266,3.446906,3.643254,3.949338,4.447621
208,1.972179,2.158855,2.317156,2.405627,2.532207,2.641406,2.778980,2.937280,3.184053,3.585780
209,2.855022,3.125263,3.354427,3.482502,3.665745,3.823827,4.022985,4.252149,4.609388,5.190948
210,1.796847,1.966927,2.111154,2.191760,2.307087,2.406577,2.531920,2.676147,2.900981,3.266994
211,2.560706,2.803089,3.008628,3.123501,3.287854,3.429639,3.608267,3.813807,4.134220,4.655828
212,2.282560,2.498615,2.681829,2.784225,2.930726,3.057110,3.216335,3.399549,3.685158,4.150110
213,2.545371,2.786303,2.990612,3.104797,3.268166,3.409102,3.586660,3.790969,4.109463,4.627948
214,2.716160,2.973257,3.191275,3.313121,3.487452,3.637844,3.827316,4.045334,4.385198,4.938472
215,2.661505,2.913429,3.127060,3.246455,3.417277,3.564643,3.750303,3.963934,4.296959,4.839100
216,2.776167,3.038944,3.261778,3.386317,3.564499,3.718214,3.911871,4.134706,4.482078,5.047576
217,2.717956,2.975224,3.193386,3.315313,3.489758,3.640250,3.829847,4.048009,4.388098,4.941739
218,2.421389,2.650585,2.844942,2.953565,3.108976,3.243047,3.411957,3.606314,3.909295,4.402525
219,1.620365,1.773740,1.903802,1.976491,2.080491,2.170209,2.283242,2.413303,2.616054,2.946118
220,1.942823,2.126720,2.282665,2.369820,2.494515,2.602088,2.737614,2.893559,3.136658,3.532406
221,2.191853,2.399323,2.575256,2.673582,2.814261,2.935623,3.088521,3.264454,3.538714,3.985188
222,2.403950,2.631495,2.824453,2.932294,3.086586,3.219691,3.387384,3.580342,3.881140,4.370818
223,2.694309,2.949338,3.165602,3.286468,3.459396,3.608578,3.796526,4.012790,4.349920,4.898743
224,2.592189,2.837552,3.045619,3.161904,3.328278,3.471806,3.652630,3.860697,4.185049,4.713071
225,2.466295,2.699741,2.897703,3.008341,3.166634,3.303191,3.475233,3.673195,3.981795,4.484172
226,1.672117,1.830391,1.964606,2.039617,2.146938,2.239523,2.356165,2.490381,2.699607,3.040213
227,1.769308,1.936781,2.078798,2.158169,2.271728,2.369693,2.493115,2.635132,2.856520,3.216923
228,2.306676,2.525014,2.710164,2.813641,2.961690,3.089409,3.250316,3.435466,3.724093,4.193957
229,2.316409,2.535668,2.721599,2.825513,2.974186,3.102444,3.264031,3.449962,3.739806,4.211652
230,2.292186,2.509153,2.693139,2.795966,2.943085,3.070002,3.229899,3.413886,3.700699,4.167611
231,1.622928,1.776545,1.906813,1.979617,2.083781,2.173642,2.286853,2.417120,2.620192,2.950777
232,2.818536,3.085324,3.311559,3.437998,3.618899,3.774960,3.971573,4.197809,4.550483,5.124611
233,2.288008,2.504578,2.688230,2.790869,2.937720,3.064406,3.224011,3.407662,3.693953,4.160014
234,1.719484,1.882241,2.020259,2.097395,2.207756,2.302963,2.422909,2.560927,2.776080,3.126334
235,1.623701,1.777392,1.907722,1.980561,2.084774,2.174678,2.287943,2.418272,2.621441,2.952184
236,2.561249,2.803684,3.009267,3.124164,3.288552,3.430367,3.609033,3.814617,4.135097,4.656817
237,2.144799,2.347814,2.519971,2.616186,2.753845,2.872601,3.022217,3.194373,3.462745,3.899634
238,2.554825,2.796651,3.001719,3.116328,3.280303,3.421762,3.599980,3.805048,4.124725,4.645136
239,1.655508,1.812209,1.945092,2.019358,2.125613,2.217277,2.332761,2.465643,2.672792,3.010014
240,2.604076,2.850564,3.059585,3.176404,3.343540,3.487726,3.669380,3.878401,4.204240,4.734683
241,2.601099,2.847306,3.056088,3.172773,3.339718,3.483740,3.665185,3.873968,4.199435,4.729272
242,2.328547,2.548955,2.735861,2.840319,2.989771,3.118702,3.281135,3.468040,3.759404,4.233722
243,2.348373,2.570658,2.759155,2.864502,3.015227,3.145255,3.309071,3.497568,3.791412,4.269770
244,1.601955,1.753588,1.882172,1.954035,2.056853,2.145553,2.257301,2.385885,2.586332,2.912646
245,2.406173,2.633929,2.827065,2.935006,3.089440,3.222669,3.390517,3.583653,3.884730,4.374861
246,2.850965,3.120822,3.349660,3.477554,3.660536,3.818393,4.017268,4.246107,4.602838,5.183572
247,2.606077,2.852754,3.061936,3.178844,3.346109,3.490406,3.672199,3.881381,4.207471,4.738322
248,1.962172,2.147901,2.305398,2.393421,2.519358,2.628003,2.764878,2.922376,3.167896,3.567585
249,2.295249,2.512505,2.696737,2.799702,2.947017,3.074104,3.234214,3.418446,3.705643,4.173179
250,2.762525,3.024011,3.245750,3.369677,3.546983,3.699942,3.892649,4.114388,4.460054,5.022772
251,2.232015,2.443285,2.622442,2.722570,2.865827,2.989412,3.145112,3.324269,3.603553,4.058209
252,1.985013,2.172904,2.332235,2.421282,2.548685,2.658595,2.797064,2.956395,3.204773,3.609114
253,2.586088,2.830874,3.038451,3.154463,3.320445,3.463635,3.644033,3.851611,4.175200,4.701979
254,2.104116,2.303281,2.472172,2.566562,2.701610,2.818114,2.964891,3.133782,3.397063,3.825666
255,1.546968,1.693395,1.817566,1.886962,1.986251,2.071906,2.179818,2.303988,2.497555,2.812668
256,1.649315,1.805430,1.937815,2.011803,2.117661,2.208983,2.324034,2.456420,2.662793,2.998754
257,2.468489,2.702143,2.900281,3.011017,3.169452,3.306131,3.478326,3.676464,3.985338,4.488162
258,2.747714,3.007798,3.228348,3.351610,3.527966,3.680105,3.871778,4.092329,4.436141,4.995843
259,2.081048,2.278029,2.445068,2.538424,2.671991,2.787218,2.932386,3.099425,3.359820,3.783724
260,2.335564,2.556636,2.744104,2.848877,2.998780,3.128099,3.291022,3.478490,3.770732,4.246479
261,2.243453,2.455807,2.635882,2.736523,2.880514,3.004733,3.161230,3.341305,3.622021,4.079006
262,2.568967,2.812132,3.018335,3.133579,3.298462,3.440704,3.619909,3.826112,4.147558,4.670850
263,2.156066,2.360147,2.533208,2.629929,2.768311,2.887691,3.038093,3.211153,3.480935,3.920119
264,2.004865,2.194635,2.355559,2.445497,2.574174,2.685183,2.825037,2.985961,3.236823,3.645209
265,2.435982,2.666559,2.862088,2.971366,3.127714,3.262593,3.432520,3.628049,3.932855,4.429058
266,2.509638,2.747187,2.948628,3.061210,3.222286,3.361243,3.536308,3.737749,4.051772,4.562979
267,1.727319,1.890818,2.029465,2.106952,2.217816,2.313457,2.433950,2.572597,2.788731,3.140581
268,2.588913,2.833966,3.041770,3.157908,3.324072,3.467418,3.648014,3.855818,4.179760,4.707115
269,1.776670,1.944841,2.087449,2.167150,2.281181,2.379555,2.503490,2.646098,2.868407,3.230310
270,1.550523,1.697287,1.821743,1.891299,1.990816,2.076667,2.184827,2.309283,2.503295,2.819132
271,1.962805,2.148593,2.306141,2.394193,2.520171,2.628850,2.765770,2.923318,3.168918,3.568735
272,2.418616,2.647549,2.841684,2.950182,3.105416,3.239333,3.408049,3.602184,3.904818,4.397483
273,1.800623,1.971061,2.115591,2.196367,2.311936,2.411635,2.537242,2.681772,2.907078,3.273860
274,2.592115,2.837471,3.045532,3.161814,3.328183,3.471707,3.652526,3.860587,4.184930,4.712937
275,1.876846,2.054499,2.205147,2.289342,2.409803,2.513723,2.644647,2.795296,3.030139,3.412448
276,1.897933,2.077581,2.229922,2.315063,2.436877,2.541965,2.674360,2.826701,3.064183,3.450787
277,2.388826,2.614940,2.806684,2.913846,3.067167,3.199435,3.366073,3.557817,3.856723,4.343321
278,2.697129,2.952425,3.168915,3.289908,3.463017,3.612356,3.800500,4.016990,4.354473,4.903871
279,1.943709,2.127690,2.283706,2.370900,2.495653,2.603275,2.738863,2.894879,3.138088,3.534017
280,1.747375,1.912772,2.053029,2.131416,2.243567,2.340318,2.462210,2.602467,2.821110,3.177045
281,1.729644,1.893363,2.032197,2.109788,2.220802,2.316571,2.437226,2.576059,2.792484,3.144808
282,2.089116,2.286860,2.454547,2.548265,2.682350,2.798023,2.943754,3.111441,3.372845,3.798392
283,2.055723,2.250307,2.415313,2.507533,2.639474,2.753299,2.896700,3.061707,3.318933,3.737678
284,2.196549,2.404462,2.580773,2.679309,2.820290,2.941911,3.095137,3.271447,3.546294,3.993725
285,2.248693,2.461543,2.642038,2.742914,2.887241,3.011750,3.168613,3.349109,3.630480,4.088533
286,2.749350,3.009589,3.230271,3.353606,3.530067,3.682297,3.874084,4.094766,4.438783,4.998818
287,2.778710,3.041728,3.264766,3.389419,3.567764,3.721620,3.915455,4.138493,4.486184,5.052200
288,2.617588,2.865355,3.075461,3.192885,3.360889,3.505824,3.688419,3.898525,4.226055,4.759251
289,2.148934,2.352341,2.524829,2.621230,2.759154,2.878139,3.028043,3.200532,3.469421,3.907153
290,1.550623,1.697397,1.821861,1.891422,1.990945,2.076802,2.184969,2.309433,2.503458,2.819315
291,2.417490,2.646316,2.840361,2.948809,3.103970,3.237825,3.406463,3.600507,3.903000,4.395436
292,2.852426,3.122421,3.351377,3.479336,3.662413,3.820350,4.019327,4.248283,4.605198,5.186229
293,2.769162,3.031276,3.253548,3.377772,3.555504,3.708831,3.902001,4.124273,4.470769,5.034839
294,2.731800,2.990378,3.209651,3.332199,3.507534,3.658792,3.849355,4.068628,4.410450,4.966910
295,2.097319,2.295840,2.464185,2.558271,2.692882,2.809010,2.955313,3.123658,3.386089,3.813307
296,1.767162,1.934432,2.076277,2.155551,2.268972,2.366819,2.490092,2.631936,2.853055,3.213022
297,2.362824,2.586477,2.776133,2.882129,3.033781,3.164610,3.329434,3.519090,3.814743,4.296044
298,2.015045,2.205778,2.367519,2.457914,2.587245,2.698817,2.839381,3.001122,3.253258,3.663717
299,2.153227,2.357040,2.529873,2.626466,2.764666,2.883889,3.034092,3.206925,3.476352,3.914958
300,1.936130,2.119394,2.274801,2.361655,2.485921,2.593124,2.728183,2.883590,3.125852,3.520236
301,2.336214,2.557347,2.744868,2.849670,2.999615,3.128970,3.291938,3.479458,3.771781,4.247661
302,1.998711,2.187898,2.348328,2.437990,2.566273,2.676940,2.816365,2.976795,3.226888,3.634019
303,2.405059,2.632709,2.825756,2.933646,3.088009,3.221176,3.388947,3.581993,3.882930,4.372834
304,2.570290,2.813580,3.019890,3.135192,3.300161,3.442476,3.621773,3.828082,4.149694,4.673255
305,1.701517,1.862574,1.999150,2.075479,2.184687,2.278899,2.397593,2.534168,2.747073,3.093668
306,2.819931,3.086851,3.313198,3.439699,3.620690,3.776828,3.973539,4.199886,4.552735,5.127147
307,1.711382,1.873372,2.010740,2.087512,2.197353,2.292111,2.411493,2.548860,2.763000,3.111604
308,2.342180,2.563878,2.751877,2.856947,3.007275,3.136960,3.300344,3.488343,3.781413,4.258508
309,1.652925,1.809382,1.942057,2.016207,2.122297,2.213818,2.329122,2.461797,2.668622,3.005318
310,2.539091,2.779427,2.983232,3.097136,3.260101,3.400689,3.577809,3.781614,4.099323,4.616528
311,1.684820,1.844297,1.979532,2.055113,2.163249,2.256537,2.374065,2.509300,2.720117,3.063310
312,1.969115,2.155501,2.313556,2.401890,2.528273,2.637302,2.774662,2.932716,3.179105,3.580209
313,2.183300,2.389960,2.565206,2.663149,2.803279,2.924167,3.076468,3.251715,3.524904,3.969636
314,1.817887,1.989958,2.135875,2.217425,2.334102,2.434757,2.561568,2.707484,2.934950,3.305249
315,1.711218,1.873193,2.010547,2.087312,2.197143,2.291892,2.411262,2.548616,2.762735,3.111305
316,1.833663,2.007228,2.154411,2.236669,2.354358,2.455887,2.583798,2.730981,2.960421,3.333933
317,2.234321,2.445810,2.625152,2.725384,2.868788,2.992501,3.148362,3.327704,3.607277,4.062402
318,2.755387,3.016197,3.237364,3.360970,3.537818,3.690383,3.882591,4.103757,4.448530,5.009795
319,2.344950,2.566911,2.755133,2.860327,3.010832,3.140671,3.304248,3.492470,3.785886,4.263546
320,1.756532,1.922796,2.063787,2.142585,2.255324,2.352582,2.475113,2.616104,2.835893,3.193694
321,1.867225,2.043967,2.193843,2.277607,2.397450,2.500838,2.631090,2.780967,3.014606,3.394955
322,1.929770,2.112432,2.267329,2.353898,2.477756,2.584606,2.719221,2.874118,3.115584,3.508673
323,2.091726,2.289717,2.457614,2.551448,2.685701,2.801519,2.947432,3.115328,3.377059,3.803138
324,1.774218,1.942156,2.084567,2.164158,2.278032,2.376270,2.500035,2.642446,2.864448,3.225851
325,2.487886,2.723376,2.923071,3.034678,3.194357,3.332110,3.505658,3.705353,4.016654,4.523430
326,2.737875,2.997028,3.216789,3.339610,3.515334,3.666929,3.857915,4.077676,4.420258,4.977955
327,1.822339,1.994832,2.141106,2.222855,2.339818,2.440720,2.567842,2.714115,2.942138,3.313344
328,1.970932,2.157490,2.315691,2.404107,2.530606,2.639736,2.777223,2.935423,3.182040,3.583513
329,2.476815,2.711258,2.910064,3.021174,3.180142,3.317282,3.490058,3.688864,3.998780,4.503301
330,2.116751,2.317111,2.487016,2.581973,2.717832,2.835035,2.982694,3.152599,3.417461,3.848637
331,2.824732,3.092107,3.318839,3.445556,3.626855,3.783259,3.980305,4.207037,4.560487,5.135877
332,1.560078,1.707747,1.832969,1.902954,2.003084,2.089465,2.198292,2.323514,2.518722,2.836505
333,2.543960,2.784758,2.988954,3.103076,3.266354,3.407212,3.584671,3.788867,4.107185,4.625383
334,2.056677,2.251351,2.416434,2.508697,2.640700,2.754577,2.898045,3.063128,3.320473,3.739413
335,2.746917,3.006925,3.227412,3.350638,3.526942,3.679038,3.870655,4.091142,4.434854,4.994394
336,2.762541,3.024029,3.245769,3.369696,3.547004,3.699964,3.892672,4.114412,4.460080,5.022802
337,2.400741,2.627983,2.820683,2.928380,3.082466,3.215394,3.382863,3.575563,3.875960,4.364984
338,2.144543,2.347534,2.519670,2.615874,2.753516,2.872259,3.021856,3.193992,3.462332,3.899169
339,2.678310,2.931824,3.146804,3.266952,3.438853,3.587150,3.773982,3.988961,4.324089,4.869654
340,2.099677,2.298422,2.466956,2.561147,2.695910,2.812168,2.958636,3.127171,3.389897,3.817595
341,1.606597,1.758669,1.887626,1.959698,2.062813,2.151770,2.263842,2.392798,2.593827,2.921086
342,2.188826,2.396009,2.571699,2.669889,2.810374,2.931568,3.084255,3.259945,3.533826,3.979683
